question,level,category,product,option a,option b ,option c,option d,correct answer
What is plywood?,1,Wood,Engineered,Wood fibres bonded with resin and pressure ,Layers of wood veneers bonded adjacently ,Thin wood strands glued together with resin,Veener stuck to a core panel,B
How do you treat Bamboo?,1,Wood,other,Like softwood,Like hardwood,Like a veneer,Like mdf ,B
How long is a weathering period generally for?,1,Wood,Weathering,1 week,12 weeks,4 weeks,8 weeks ,B
What is the oil test?,1,Oil,other,Apply a thin coat of oil over the whole surface,Drop a pea sized amount of oil onto the wood,Apply a thick coat of oil to the wet wood,Drop a golf ball sized amount of oil to the surface,B
Why do we get customers to do a water test?,1,Wood,Test,To see what a paint looks like ,To see what any clear product would look like,To see what a clear wax would look like,To see what a tinted oil would look like,B
What does opaque mean?,1,General K,other,Can see through it ,Cant see through it,Can see shapes through it,Can see texture through it ,B
What does microporous mean?,1,General Q,other,Lets moisture in but not out ,Lets moisture out but not in ,Has a low VOC level ,Has a high VOC level ,B
What is the clear Bona primer called? ,1,Brand,Bona,Bona natural primer,Bona classic UX primer,Bona white primer,Bona intense primer ,B
What is the difference between Bona mega varnish and Bona mega natural?,1,Brand,Bona,Bona mega natural keeps the natural colour whereas Bona mega varnish does not,Bona mega varnish has the lowest sheen level,Bona mega natural has the lowest sheen level ,Bona mega natural does not need priming whereas Bona mega does,B
Most suitable product for a bar top?,1,Project,other,Osmo polyx oil   ,Manns bar top lacquer,Bona Mega varnish ,Sadolin classic wood protection,B
I have mould - what product is most suitable?,1,Preparation ,Cleaner,Osmo intensive cleaner,Barrettine mould and mildew cleaner,Fiddes wood surface cleaner,Bona wood floor cleaner,B
Which of the following is a common example of softwood?,2,Wood,Softwood,Oak,Pine,Maple,Mahogany,B
What is the process of pressure treating wood?,2,Product type,Preserver,Soaking the wood with water,Applying chemicals through high pressure to prevent decay,Sanding the wood to remove imperfections,Applying heat to increase strength,B
If sanding a oil off back to bare to refinish - what grits would you recommend?,2,Preparation ,Application,80- 120- 180,60- 80- 120,120- 180- 240,24- 36- 80- 180,B
What is a RAL chart?,2,General Q,other,A sheen matching system,A colour matching system,A dulux colour wheel,A matting agent matching system,B
Whats the average size of a door- total for both sides? ,2,General K,Measurements,7m2,3.5m,5m2,2.4m2 ,B
What is the best method to apply paint on large  flat surfaces such as ceilings?,2,Application,Paint,Using a paint brush,Using a paint roller,Using a sponge,Using a trowel ,B
What paint is typically used on wood due to its durability?,2,Product type,Paint,Emulsion,Satin or Gloss paint,Masonry  ,Lime wash ,B
Why is a knotting solution used?,2,Wood,Knots,To stop oils bleeding from the grain,To stop resins bleeding from knots,To stop water bleeding from end grain,To stop UV damage,B
How big roughly is 2 treads and 2 risers together?,2,General K,Measurements,3m2,1m2 ,5m2 ,0.5m2 ,B
"Osmo wood wax finish transparent and intensive, what is difference?",2,Brand ,Osmo,Osmo wood wax finish transparent is clear and intensive is paint ,Osmo wood wax finish intensive has more pigment compared to transparent ,Osmo wood wax finish transparent is outside and intensive inside ,Osmo wood wax finish transparent is made for hardwood,B
"Customers paint colour is incorrect, why could this be? ",2,Product type,Paint,No paint colour is correct,Not stirred  ,Wrong type of brush,Wrong substrate ,B
What is the general every day cleaner you would recommend for an oiled floor? ,2,Aftercare,Oil,Osmo intensive cleaner ,Osmo wash and care,Barrettine mould and mildew cleaner,Liberon floor cleaner,B
What stain would you recommend when matching a new piece of pine to an old piece? ,2,Product type,Stain,Morrells light fast wood stain,Manns classic pine stain,Blanchon reactive stain ,Liberon palette wood dye ,B
"Before you apply an adhesive to boards, is it important to leave the boards in the room for a week? ",3,Product type,Adhesive,You need to make sure they look good,The boards need to aclimatise to the temperature,You need to make sure they fit ,You need to test the moisture in the boards,B
What is marine plywood?,3,Wood,Engineered,Flexible and ideal for making curved furniture,Designed for wet and humid conditions,General construction on interior projects,Resitant to heat and made from softwood,B
What is Blanchon S.O primer used for? ,3,Brand,Blanchon,Woods that contain a lot of knots,Tropical or resinous woods,Pitch pine or spruce,To seal in a floor stain ,B
How should you safely dispose of oily rags in wood finishing? ,3,Aftercare,other,"Leave to air dry, then dispose in the bin ","Run under water, let air dry then dispose in the bin ",Dispose of them in the bin ,Flush down the toilet ,B
What finish in this list is bee friendly? ,3,General Q,other,Barrettine premier wood preserver,Protek royal exterior paint ,Osmo UV protection oil extra,Sadolin extra durable woodstain ,B
What is bitumen paint used for? ,3,Product type,Paint,Masonry  ,Concrete and metal,Wood,Veneer,B
What will timber do in cold temperatures? ,3,General K,other,Contract,Swell,Warp,Blister,B
If a customer has a log cabin that is 5m (l) x 3.5 (w) x 2.4m (h) and they want to do four walls inside and outside how many m2 do they have? ,3,General K,Measurements,79.2m2,81.6m2 ,80.8m2,78.5m2,B
What product here can give extra protection on a bathroom floor?,3,Primer,other,Bona intense primer,Osmo wood protector,Osmo WR Base coat,Morrells isolating sealer,B
"A customer has applied barrettine decking oil and the next morning its gone hazy white, why could this be?",3,Brand,Barrettine,They have over applied it ,Rained or to much moisture in the air,To hot and dried out,They have under applied it,B
If an oil test results in a 'jaggered edge' what does this indicate?,3,Product type,Oil,Needs fully sanding back and recoating,Should be able to apply a thin coat for maintenance,The wood does not need any  more oil,The surface needs 3 coats now,B
Why would you recommend Blanchon original wood environment over Fiddes hard wax oil? ,3,Brand,Blanchon,On hardwoods,Eco friendly ,On softwoods,On exterior projects,B
What is the typical process for applying wood veneer to a plywood surface?,4,Wood,Engineered,Lay the veneer adjacently on top of the plywood,"Cut to size, apply adhesive and use clamps to press the veneer on",Collect wood fibres and press them together using a heat machine,Wood strands that are bonded and then stuck on a subcore,B
Why is it recommended to use the Repair care DRY FIX before filling?,4,Brand,Repaircare,Makes the surface soft and pliable,Penetrates and strenghtens the wood fibres,Colours the surface to make it look more realistic,Stops the wood breathing so it can be painted,B
What can cause efflorescence on masonry? ,4,General K,Masonry,Excess moisture,Salts crystalising,Water ingress,Masonry dried out,B
What radio of lacquer to catalyst for Bona traffic HD? ,4,Brand,Bona,8 to 2 ,9 to 1,10 to 1,7 to 3,B
Why is the neutraliser used in Peelaway 1?,4,Paint remover,other,Reduce moisture ingress,Reduce PH level ,Reduce UV oxidation,Reduce risk of efflorescence ,B
"How does Osmo's wood protector differ in its effect on wood compared to other wood preservatives, particulary in terms of its interaction with moisture?",4,Brand,Preserver,Wood protector uses a high pigment formula to block UV rays - while other preservatives primarily focus on repelling water ,It creates a water repellant surface layer - which prevents the wood from absorbing water but allows the wood to breate ,It forms a solid film that completely blocks moisture absorbtion - leading to a higher risk of fungal under a finish,Wood protector releases oils into the wood making it water proof ,B
What chemical process is responsible for the curing of Osmo polyx oil finishes? ,4,Brand ,Osmo,Evaporation of solvents,Oxidative polymerization (Oxidation),Heat induced cross linking,UV Curing,B
What is fisheyeing in varnishes?,4,Product type,Varnish,"Fisheying occurs when the coating forms smooth, uniform layers without any interruptions or defects.","Fisheying is a phenomenon where the coating develops small, circular craters or holes due to contamination on the surface.","Fisheying is a result of the paint drying too slowly, causing it to form bubbles on the surface.","Fisheying happens when the coating forms excessive gloss, causing an uneven sheen on the surface.",B
How to sort out fisheyeing on varnishes?,4,Product type,Varnish,Apply a thick layer of the coating to fill the craters and smooth out the surface.,"Ensure the surface is properly cleaned and free of contaminants (such as oils, silicone, or grease) before applying the coating."," Use a high-gloss finish, which will prevent fisheyeing from occurring in the future.","Wait for the coating to fully dry before sanding down the affected areas, as this will eliminate fisheyes.",B
What is sandblasting? ,4,Preparation ,Sanding,Sandblasting is a method used to apply a smooth  glossy finish to metal surfaces by spraying fine sand particles with high pressure.,Sandblasting is a process where fine sand is used to clean or etch the surface of a material by propelling it at high velocity.,Sandblasting is a technique used to polish wood surfaces to make them shinier by rubbing them with fine-grit sandpaper.,Sandblasting is a painting technique where sand is mixed with paint and sprayed onto a surface to create textured designs.,B
What is the primary reason for using shellac in French polishing?,4,Product type,Polish,"Shellac is used because it makes the wood more resistant to water damage: While shellac does offer some moisture resistance, its main function in French polishing is to create a glossy finish, not to provide significant water protection.",Shellac is the primary resin used in French polishing because it forms a smooth  durable and high-gloss finish that enhances the natural beauty of wood. It also dries quickly and can be built up in thin layers - which is essential for the French polishing technique.,"Shellac is used because it gives the wood a matte finish: French polishing with shellac typically creates a glossy or satin finish, not a matte one. Matte finishes are achieved with different techniques or products.","Shellac is used because it enhances the wood’s color, making it darker: Shellac enhances the natural appearance of the wood but does not significantly alter its color. The wood's tone is more influenced by the type of wood and any stains used beforehand.",B
What is the difference between sapwood and heartwood colour? ,4,Wood,Colour,Sapwood is dark and red and heartwood is light yellow or white ,"Heartwood is dark brown to red, sapwood is light yellow or white",They are both the same ,"Sapwood is mahogany colour once wet, and heartwood is pale when wet",B
Why are diisocyanates used in wood finishing products such as adhesives and coatings?,4,General K,Chemicals,"They provide a glossy, reflective finish that enhances the appearance of the wood","They react with moisture in wood to create a flexible, durable bond that helps to prevent wood movement.","They act as a preservative, preventing the wood from being damaged by pests and rot.",They create a fire-resistant coating that protects the wood from heat damage,B
"How does the use of deep, rich colours like navy blue or charcoat grey in a room affect the mood and ambiance of the space? ",4,Colour,Mood,"Deep, rich colours increase energy and make the space feel larger and more open","Deep, rich colours create a cozy, intimate atmosphere","Deep, rich colours are best for stimulating creativity and mental alertness",Deep colours work best in rooms that need to appear brghter and airier ,B
What does this EN 71-3 rating stand for?,5,General K,Rating,It refers to the European safety standard for flammability of toys made from wood and other materials.,"It refers to the European safety standard for chemical migration in toys, specifically the safety of materials that may come into contact with children, such as paints, varnishes, and other coatings.","It refers to the European standard for sound levels produced by toys, ensuring that they are not too loud to cause hearing damage.","It refers to the European standard for mechanical strength and the durability of toys, ensuring that they don’t break into dangerous parts.",B
"How does the presence of extractives in wood affect its behavior during wood finishing, and what impact do they have on staining and paint adhesion?",5,Wood,othre,"Extractives improve the adhesion of paint and stain by providing a smooth, consistent surface.","Extractives, like resins and tannins, can cause uneven staining and poor paint adhesion, leading to blotchiness or peeling",Extractives always make the wood easier to stain and paint by acting as a natural primer,Extractives make the wood more resistant to water-based finishes but have no effect on oil-based finishes.,B
Zinsser’s BIN Shellac-Based Primer is known for its excellent stain-blocking properties. What specific chemical property allows it to block stubborn stains like tannin and nicotine?,5,Brand,Zinsser,Its wax-based formula that adheres tightly to porous surfaces,"Its shellac resin, which forms a chemical barrier against oils and pigments"," Its high levels of volatile organic compounds (VOCs), which seal in stains","Its high pH, which neutralizes acidic stains",B
What is Shou sugi ban ? ,5,General K,other,A traditional Japanese method of painting wood,A technique for preserving wood by charring its surface,A type of wood used for flooring,A special type of lacquer finish,B
Shou Sugi Ban originated in which country?,5,General K,other,China,Japan,Korea,Thailand,B
"What is the primary psychological effect of using dark green paint in a room, especially when paired with wooden accents?",5,Colour ,Mood,It evokes feelings of wealth and sophistication,"It creates a mood of nature, stability, and grounding",It makes people feel anxious and restless,It encourages creativity and focus,B
What is the primary disadvantage of using a nitrocellulose varnish compared to other varnish types like polyurethane?,5,Product type,Varnish ,It requires multiple coats and takes longer to cure,It is more prone to cracking and yellowing over time,It is less durable and is only suitable for interior use,It is not compatible with oil-based paints,B
Sadolin’s “Sadolin Extra Durable” product offers a specific benefit for wood exposed to harsh environments. What is this feature?,5,Brand ,other,"It provides a smooth, high-gloss finish that resists all types of stains",It contains advanced resins that provide extreme durability and protection,It is only available in a matt finish for subtle wood tones,It requires multiple layers of application to reach full effectiveness,B
What is an extender? ,5,General K,other,Extends the drying time of a product,Fills out and extends a pigments capability,Extends the curing time of a product,Extends the open time of a producr,B
Which of the following properties of titanium dioxide contributes to its effectiveness as a white pigment in paints?,5,General K,other,Its ability to absorb ultraviolet light and convert it into heat,"Its high refractive index, which increases opacity","Its transparent nature, which allows the underlying surface to show through","Its high solubility in water, improving paint spreadability",B
What is the correct thinners for Morrells 440 acid cat lacquer?,5,Brand ,Morrells,Morrells equipment cleaner,Morrells hydrocarbon free thinners,Morrells cellulose thinners,Osmo brush cleaner ands thinner ,B
Which of the following is a key feature of Osmo polyx oil in terms of its effect on wood surfaces?,2,Brand,Osmo,"It forms a hard, film like surface that prevents the wood from breathing ","It penetrates the wood, enhancing its natural beauty while allowing wood to breathe",It completely blocks water absorbtion making the wood waterproof,It creates a thick coating that prevents all the signs of aging wood,B
Which of the following is NOT a recommended method to ensure a smooth application of Osmo finishes on a wood surface? ,2,Brand,Osmo,Sanding between coats for an even finish,Applying the finish in thick layers to reduce the number of coats,Cleaning the surface of any dust or debris before application,Using a soft cloth or brush to apply the product evenly,B
What is the primary function of Cuprinol Garden Shades?,1,Brand,Cuprinol,To provide a highly durable gloss finish that resists moisture,"To protect and add colour to outdoor wood, metal and masonry surfaces ",To offer an anti slip surface for wooden decking exposed to high foot traffic,To provide a transparent protective finish that enhances the natural grain of the wood,B
Dulux Trade Floor Paint is designed for high-traffic areas. What makes this product especially suitable for floors in warehouses or garages?,3,Brand,Dulux,It offers a highly decorative finish that is more suited to interior walls than floors.," It is formulated to resist impact, abrasion, and chemicals, providing a tough and durable finish for high-traffic areas.","It is a gloss finish that reflects light, making it ideal for low-light environments.",It is designed for use in exterior areas and will quickly degrade when used indoors.,B
What is the primary direction of wood grain in a tree trunk?,4,Wood,Grain,The wood grain runs horizontally from the tree's base to the crown.,"The wood grain runs parallel to the tree's growth rings, extending vertically from the roots to the canopy",The wood grain spirals in a corkscrew pattern around the tree trunk.,The wood grain follows the direction of the tree's branches,B
"How does ""flat-sawn"" wood grain differ from ""quarter-sawn""?",5,Wood,Grain,"Flat-sawn wood is cut perpendicularly to the growth rings and shows a finer, denser grain","Flat-sawn wood is cut parallel to the growth rings, resulting in a more pronounced, wider grain pattern, whereas quarter-sawn wood produces a straighter, more uniform grain.","Flat-sawn wood is typically used for more expensive woods, whereas quarter-sawn wood is cheaper","Quarter-sawn wood displays a chaotic, uneven grain pattern compared to flat-sawn wood",B
What is the primary difference between softwoods and hardwoods?,1,Wood ,Softwood,Softwoods are harder and stronger than hardwoods,"Softwoods come from coniferous trees, while hardwoods come from deciduous trees",Softwoods are denser than hardwoods.,Hardwoods are faster-growing trees than softwoods,B
Which softwood is known for its high resistance to decay and is often used for outdoor furniture?,2,Wood,Softwood,Cherry,Cedar,Pine,Oak,B
What is a major benefit of using softwood in furniture production?,2,Wood,Softwood,Softwood is more expensive than hardwood,"Softwood is relatively lightweight and easy to work with, making it ideal for many furniture projects",Softwood has superior durability and strength compared to hardwood,"Softwood produces a finer, smoother finish than hardwood",B
What is the most notable feature of cherry wood?,2,Wood,Hardwood,Cherry wood has a very pale color and doesn’t change,"Cherry wood darkens over time, developing a rich, reddish-brown color",Cherry wood is known for its intense grain patterns and dark streaks,Cherry wood is one of the lightest and least durable hardwoods,B
What is the primary use of teak wood?,2,Wood,Hardwood,Teak is primarily used for making musical instruments,Teak is commonly used for outdoor furniture due to its weather resistance,"Teak is a very soft wood, often used in construction","Teak is used for making cheap, mass-produced furniture",B
What makes oak wood particularly suitable for making wine barrels?,4,Wood,Hardwood,Oak is resistant to absorbing liquids and is used only for the exterior of barrels,"Oak wood has a strong, open grain that allows for the absorption of flavors, making it ideal for aging wine",Oak is too dense for wine barrels and is only used in construction,Oak does not interact with wine and is chosen for aesthetic reasons only,B
Which hardwood is the most commonly used for gunstocks?,4,Wood,Hardwood,Pine,Walnut,Ash,Cherry ,B
What is one way to prevent UV degradation in outdoor wood products?,1,Wood,UV,Using untreated wood will prevent UV degradation,Applying a UV-resistant finish or using a product that contains pigment,Exposing the wood to direct sunlight will strengthen it against UV damage,Staining the wood with oil-based finishes will make it immune to UV degradation,B
Which grit number is the coarsest sandpaper?,1,Preparation ,Sanding,100,40,60,80,B
What is the main disadvantage of using steel wool as an abrasive compared to sandpaper?,2,Preparation,Sanding ,It is too coarse for most woodworking tasks,It can leave small metal fibers embedded in the surface,It is not suitable for use on metal surfaces,It can clog quickly when used on wet surfaces,B
Which Osmo product is designed specifically for outdoor wood surfaces?,2,Brand,Osmo,Osmo Polyx-Oil,Osmo UV-Protection Oil 420,Osmo Wood Wax Finish,Osmo UV Protection Oil 410,B
What is the drying time for clear Osmo Polyx-Oil between coats?,3,Brand ,Osmo,1-2 hours,6-8 hours,24 hours,30 minutes,B
What is the primary difference between Osmo Polyx-Oil and Osmo Top Oil?,2,Brand ,Osmo,"Polyx-Oil is for outdoor use, and Top Oil is for interior wood","Polyx-Oil is designed for floors, and Top Oil is for furniture and worktops","Polyx-Oil provides only a glossy finish, while Top Oil has a matt finish","Polyx-Oil contains no VOCs, while Top Oil does",B
Which Zinsser product is NOT aimed at stain blocking?,5,Brand ,Zinsser,Zinsser Cover stain,Zinsser Gardz,Zinsser BIN,Zinsser Bulls EYE 123,B
Cuprinol’s Garden Shades is water-based. What is one of the main advantages of using a water-based wood finish like this?,1,Brand,Cuprinol,It provides a glossy finish that is better suited for high-traffic areas,It dries faster and has a low odor compared to oil-based finishes,"It penetrates deeper into the wood grain, providing long-lasting protection",It creates a thicker coating that resists wear and tear better than oil-based finishes,B
Which of the following is a common wood adhesive used for basic woodworking projects?,3,Product type,Adhesive,Superglue,PVA (Polyvinyl acetate) glue,Epoxy resin,Contact cement,B
What is the primary characteristic of polyurethane wood glue?,3,Product type,Adhesive,It sets quickly without needing any clamping,It is waterproof and expands as it cures,It works only on softwoods,It is ideal for bonding metal to metal,B
What causes paint to crack as it dries?,2,Product type,Paint,Painting in wet conditions,Applying paint too thickly,Using a high-quality paint,Mixing different types of paints,B
What happens if you apply paint to a surface with too much moisture?,3,Product type,Paint,The paint will dry faster,The paint may peel or blister,The paint will not change color,The paint will adhere better,B
What happens if you use incompatible primer and paint?,1,Product type,Paint,The paint will dry faster than expected,The paint will adhere poorly and may peel or blister,The colour of the paint will appear more vibrant,The primer will prevent the paint from drying completely,B
What is the main issue that occurs if you apply paint in very cold conditions?,1,Product type,Paint,The paint will develop a glossy finish,The paint may not adhere properly and could crack or peel,The colour will become lighter than expected,The paint will dry too quickly,B
Why are pre-catalyzed lacquers preferred in commercial applications over regular lacquers?,3,Product ,Varnish ,"They have a stronger odor than regular lacquers, making them more suitable for outdoor use",They dry faster and provide a more durable finish without the need for mixing additional chemicals,They are more cost-effective and require fewer coats to achieve a smooth finish,They are easier to apply and don't require sanding between coats,B
Which of the following is a common indicator that wood has been pressure-treated?,2,Product,Preserver,"The wood has a smooth, glossy surface",The wood has a greenish tint,The wood smells like vanilla,The wood is very light and fragile,B
What is Farrow & Ball most known for?,1,Brand,Farrow and ball,Providing the cheapest paints,Specializing in eco-friendly paints with rich colours,Creating only metallic paints,Selling paint exclusively in the U K ,B
"Farrow & Ball’s ""Modern Emulsion"" paint is designed for use in which areas of the home?",4,Brand,Farrow and ball,"Kitchens, doors, floors and ceilings",High-traffic areas like kitchens and bathrooms,For ceilings only,Furniture and walls ,B
"Which of the following woods is typically light in colour, often described as pale yellow or beige?",1,Wood,Colour,Mahogany,Pine,Black walnut,Iroko,B
What is the primary color of maple wood before staining?,1,Wood,Colour,Red with dark streaks,Light tan to pale yellow,Deep brown,White with streaks of black,B
What type of product is Sadolin Superdec?,1,Brand ,Sadolin ,Semi translucent product for external furniture,Opaque product for exterior joinery,Wall paint for ceiling and walls,A opaque decking paint ,B
"What is a key difference between Sadolin ""Sadolin Polyurethane Varnish"" and ""Sadolin Classic Woodstain""?",3,Brand,Sadolin ,Polyurethane varnish can be used on flooring while Classic Woodstain cannot,"Polyurethane Varnish is used for clear finishes, whereas Classic Woodstain provides a colored, translucent finish","Polyurethane Varnish is for interior use only, while Classic Woodstain is exclusively for outdoor use","Polyurethane Varnish is applied by spraying, while Classic Woodstain must be brushed only",B
How does denatured wood compare to treated wood in terms of durability?,3,Wood,other, Denatured wood lasts longer than treated wood because it does not require any maintenance,Denatured wood is typically less durable and requires additional protection against weathering,Denatured wood is more durable than treated wood because it is chemically resistant,Denatured wood is not suitable for outdoor use as it deteriorates faster than treated wood,B
"What is the primary benefit of using Earthborn ""Eggshell"" finishes?",2,Brand ,Earthborn,"It offers a high-gloss, reflective sheen and is wipeable","It provides a durable, washable surface with a semi-matt finish",It is suitable only for exterior surfaces,It is a one-coat paint rather than 2 ,B
"What is the main reason Earthborn Claypaint is particularly suitable for use in areas with high humidity, like kitchens and bathrooms?",4,Brand ,Earthborn,It is highly resistant to water and will not peel off in damp conditions,"Its breathable nature helps prevent moisture build-up, reducing mold growth", It contains biocides to help against mould growth ,It has a high-gloss finish that prevents any moisture absorption,B
What causes foaming?,4,General K,other,Absence of Surfactants,Air Entrapment,Low Temperature,Presence of Oils,B
What percentage of sheen should a high gloss have?,2,General K,Sheen,70%,90%,40%,100%,B
What is pointing? ,4,General K,other,A type of flooring installation where tiles are arranged in specific patterns.,The process of filling the joints between bricks or stones with mortar to provide stability,A method of applying paint to specific areas of a surface for accentuating details,A type of flooring installation where tiles are arranged in specific patterns,B
What is a wet edge? ,2,General K,other,The outermost layer of a painted surface that dries faster than the rest,"The area of paint that remains wet and workable during application, which should be maintained to avoid visible lines or streaks.",The line where two different colors of paint meet on a surface,The area where a second coat of paint is applied after the first layer has fully dried,B
What should you do if wood filler is not adhering properly to the wood surface?,3,Product type,Filler,Apply a coat of paint over the filler,Sand the surface to create a better bonding surface,Use a different type of filler,Soak the wood with water,B
"In the context of paints, what does the term ""volatile organic compounds"" (VOC) refer to?",1,Product type,Paint,Solvents that increase the longevity of the paint,Chemical compounds that evaporate into the air and contribute to air pollution,Additives that help paint dry faster,Pigments used to enhance the color depth of the paint,B
Which of these wood finishes is a Polyvine product?,2,Brand ,Polyvine,Extra tough varnish,Multi surface lacquer,Traffic HD,Clear glaze ,B
"When applying Polyvine’s wood finishes to surfaces that have previously been treated with an oil-based product, what is the correct preparation procedure to ensure proper adhesion of the new finish?",3,Brand ,Polyvine,Simply apply the new finish over the oil-based treatment without sanding or cleaning,Sand the surface thoroughly and wipe over with meths,"Apply a light coat of water-based finish first, then apply the oil-based product",Clean the surface with solvent-based cleaners and allow the wood to dry completely before applying the new finish,B
Which of the following is a safety precaution when using white spirit?,1,General K,W spirit,Use white spirit near an open flame for faster evaporation,Always use white spirit in a well-ventilated area,Mix white spirit with water to dilute its fumes,Apply white spirit directly to the skin for cleaning,B
What is white spirit primarily used for?,1,General K,W spirit,As a food preservative,As a cleaning solvent,As a cooking oil,As a fuel for cars,B
Which of the following is a key benefit of using PeelAway compared to traditional paint removers?,2,Brand ,Peelaway,It works faster than sandpaper,It can remove multiple layers of paint in one application,It only works on new paint,It doesn’t require ventilation during use,B
"If someone wanted a decking oil that did let the wood silver naturally, what one would you recommend? ",4,General K,Scenario,Barrettine decking oil ,Osmo decking oil 007,Manns premier UV decking oil ,Liberon superior decking oil ,B
"If someone had Fiddes hard wax oil tints and wanted to make it lighter, what could they add? ",3,General K,Scenario,Meths,Fiddes hard wax oil clear,Water,Fiddes hard wax oil tints walnut,B
"What is the key feature of Ronseal's ""Decking Rescue"" product?",2,Brand ,Ronseal ,It adds a glossy finish to decking,It fills and restores damaged wood,It repairs cracks in concrete,It creates a clear seal for damaged decking ,B
"Zinsser ""Gardz"" is primarily used for sealing damaged drywall. Which specific property of ""Gardz"" makes it ideal for this use?",4,Brand ,Zinsser,Its ability to act as a bonding agent for drywall texture,Its ability to penetrate and seal porous and chalky surfaces,Its high-gloss finish that masks imperfections,Its high heat resistance,B
"In woodturning, what is the primary purpose of using a ""skew chisel""?",5,General K,Wood turning,To make deep cuts on the lathe without creating a significant amount of shavings,"To produce precise, smooth cuts along the surface of the wood, especially for beads and coves","To achieve a smooth, glossy finish directly on the wood without further sanding","To shape the exterior of a bowl or hollow form by making rough, wide cuts",B
"When MDF is exposed to high humidity or moisture, which of the following is the most likely outcome?",4,Wood,Engineered,"The fibers will expand and compress evenly, causing little dimensional change","The resin will break down, leading to delamination and structural weakness",The board will shrink slightly due to moisture evaporation,"The wood fibers will lock together tighter, increasing its strength",B
"What is the primary reason for using veneer grading systems such as ""A,"" ""B,"" ""C,"" and ""D"" in plywood production?",4,Wood,Engineered,To determine the thickness of each veneer layer and its resistance to moisture,"To define the visual quality of the surface veneer, based on defect allowance",To classify the plywood's ability to absorb and hold paint or stain,To specify the load-bearing capacity of the plywood in different environmental conditions,B
OSB is commonly used in which of the following applications?,3,Wood,Engineered,Making cutting boards,Roofing and wall sheathing in construction,Furniture manufacturing,Making fine wood veneers,B
What is the main environmental concern regarding OSB production?,3,Wood,Engineered,OSB production generates large amounts of carbon dioxide emissions,"The adhesives used in OSB production often contain high levels of formaldehyde, which can be harmful",OSB production contributes significantly to deforestation,"OSB manufacturing requires excessive water use, leading to water scarcity",B
What type of wood finish is Protek known for?,1,Brand,Protek,Wax-based finishes,Water-based finishes,Oil-based finishes,Solvent-based finishes,B
Protek wood finishes utilize various types of resins for different purposes. Which of the following resins is most commonly used in Protek finishes for its excellent water resistance and durability in outdoor environments?,4,Brand,Protek,Urethane resin,Alkyd resin,Epoxy resin,Acrylic resin,B
"Protek offers a range of finishes, some of which are ""microporous."" What does it mean if a finish is microporous, and how does it benefit the wood?",2,Brand,Protek,"It forms a solid, non-breathing barrier to protect against extreme weather","It allows moisture to escape from the wood, preventing swelling and cracking while maintaining protection","It penetrates deep into the wood, binding the wood fibers and increasing strength","It provides a glossy, durable layer that makes the wood highly resistant to scratches and impacts",B
What finish in this Protek list is bee friendly? ,3,Brand,Protek,Protek wood preserver ++,Protek royal exterior paint,Protek wood oil,Protek uv protection oil ,B
Bamboo’s natural properties include a higher tensile strength than which material?,2,Wood,Bamboo,Iron,Steel,Concrete,Glass,B
Bamboo is known for its rapid growth rate. What is the average time it takes for bamboo to mature fully and become harvestable for wood products?,2,Wood,Bamboo,1–2 years,3–5 years,6–10 years,15–20 years,B
"In bamboo’s composition, lignin is an important structural component. What role does lignin play in bamboo’s ability to be used as a wood alternative?",2,Wood,Bamboo,"Lignin absorbs moisture, which makes bamboo more flexible and resistant to cracking","Lignin acts as a binder, holding cellulose fibers together and increasing bamboo's strength and stiffness","Lignin enhances the color and appearance of bamboo, making it ideal for furniture","Lignin speeds up the growing process, reducing the time it takes for bamboo to be harvested",B
Which of these is an important factor to consider when using Repair Care products for wood repair?,3,Wood,Repaircare,The products should only be used on painted wood,"The surface must be free of dust, dirt, and oil for best adhesion","Repair Care products can only be used during dry, sunny weather",The wood must be heated before applying the filler,B
"Cedar wood is known for its durability, but which environmental condition can it withstand especially well?",1,Wood,Cedar,Extreme heat,Moisture and humidity,Strong winds,Freezing temperatures,B
What is the primary reason cedar wood is often used in the construction of saunas?,2,Wood,Cedar,High density for structural support,Natural resistance to moisture and mildew.,Low cost,Resistance to extreme temperatures,B
What is the main advantage of using pine in furniture making?,2,Wood,Softwood,It is highly resistant to weather,It is easy to work with and affordable,It has a very dark color that gives an elegant look,It has high strength and durability compared to hardwoods,B
What type of wood is iroko?,1,Wood,Hardwood,Softwood,Hardwood,Exotic wood,Engineered wood,B
How does iroko wood compare in density to other hardwoods?,4,Wood,Hardwood,It is very light and weak,"It has a moderate density, making it strong but manageable.",It is extremely dense and difficult to work with,It is lighter than most softwoods,B
Which of the following is a distinguishing feature of iroko wood compared to teak?,5,Wood,Hardwood,Iroko has a significantly higher density than teak,"Iroko has a more prominent yellow to golden-brown color when freshly cut, which darkens over time",Iroko has a finer texture and is more easily carved than teak,Iroko is more resistant to saltwater exposure than teak,B
What type of wood is idigbo?,1,Wood,Hardwood,Softwood,Hardwood,Sapwood,Engineered wood,B
What is a primary characteristic of idigbo wood?,2,Wood,Hardwood,It is highly dense and difficult to cut,It is easy to work with and can be stained to resemble more expensive hardwoods like oak or mahogany,"It has a very strong, distinctive odor",It naturally resists moisture without any treatment,B
Which of the following is the most common cause of raised grain in wood?,3,Wood,Grain,The wood is exposed to direct sunlight,The wood absorbs moisture from sanding or finishing products,"The wood is cut too deeply, causing fibers to lift","The wood is stored in high humidity, causing it to expand unevenly",B
What is the most effective method to prevent raised grain when applying a water-based finish to porous wood such as oak?,5,Wood,Grain,Applying a thin layer of wax before finishing to seal the wood,"Pre-wetting the surface with water, allowing it to dry, and then sanding the wood to remove any raised fibers before finishing",Using a solvent-based finish to avoid moisture absorption,Sanding the wood with very fine-grit sandpaper before applying the finish,B
Which grit sandpaper is best suited for removing heavy material or rough surfaces?,2,Preparation,Sanding,16,40,80,220,B
"What causes ""clogging"" on sandpaper, and how can it affect the sanding process?",3,Preparation,Sanding,Clogging happens because the sandpaper is too coarse for the job,"Clogging occurs when dust or debris builds up in the sandpaper's pores, making it less effective and reducing its cutting ability",Clogging makes the sandpaper more efficient by collecting wood fibers,Clogging occurs when the sandpaper is used at a low speed on the sander,B
What is the primary function of a drum sander in woodworking?,3,Preparation,Sanding,To smooth fine details on intricate woodwork,"To quickly remove large amounts of material from wood surfaces, especially when flattening or leveling",To sand curves and edges with precision,To perform final finishing on wood surfaces,B
What is wood warping?,2,Wood,other,The expansion of wood when exposed to sunlight,The bending or distortion of wood due to uneven moisture content,The smoothing of wood by sanding,The process of wood becoming stronger,B
Which of the following is a common method to prevent warping during drying?,4,Wood,other,Heating wood in direct sunlight,Using a moisture meter to control drying,Storing wood in a humid environment,Drying wood in a microwave,B
Which of the following is NOT a common type of wood warping?,3,Wood,other,Twisting,Cracking,Bowing,Cupping,B
What is the primary cause of grain reversal in woodworking?,4,Wood,other,Using a fine-grit sandpaper only,Sanding against the grain or irregular sanding patterns,Applying finish before sanding,Sanding with the grain,B
In which type of wood is grain reversal most likely to occur?,4,Wood,other,Softwoods like pine,Hardwoods with a pronounced or irregular grain pattern,Engineered wood products like MDF,Plywood,B
What type of finish does Bona Mega provide for hardwood floors?,1,Brand,Bona,A high-gloss oil finish,"A durable, waterborne polyurethane finish",A wax-based finish,A matte chalk paint finish,B
Which Farrow & Ball finish is most suited for walls and ceilings in rooms with low natural light?,3,Brand,Farrow and ball,Modern Emulsion,Estate Emulsion,Full Gloss,Oil finish,B
Which of the following is a drawback of using distemper?,3,Product type,Paint,It is highly resistant to mold and mildew,It is less durable and prone to damage from moisture,It can be easily cleaned without damaging the finish,"It provides a glossy, reflective finish",B
How long does limewash typically take to cure?,3,Product type,Paint,1-2 hours,1-2 weeks,1-2 days,1-2 months,B
Can limewash be used on exterior walls?,4,Product type,Paint,"No, it is only for interior use","Yes, it is ideal for exterior walls in dry climates","Yes, but only on smooth, painted surfaces","Yes, but it cannot be exposed to rain",B
Which of the following is a common result of using colour drenching in a small room?,3,Product type,Paint,The room becomes visually cluttered and chaotic,The room feels larger and more expansive,The room will appear darker with less natural light,The room will lose its sense of depth,B
What is Craig & Rose best known for?,1,Brand,Craig and rose,Furniture manufacturing,Wall paints and decorative finishes,Electrical appliances,Garden tools,B
Which type of paint does Craig & Rose’s “Metallics” collection primarily feature?,3,Brand,Craig and rose,Flat matte finishes with metallic flecks,"Smooth, glossy paints with a reflective metallic shine",Chalk-based metallic finishes for vintage effects,Translucent paints with a metallic sheen for layering,B
What is important to do between staining and varnishing with Manns?,2,Brand,Manns,Wipe with meths,Denib,Sand back fully,Wipe over with water,B
What is Manns trade intense primer used for? ,2,Brand,Manns,Primes and stains the wood with pigmentation,Primes and seals knots and resinous areas,Primes and does not change the colour at all ,Primes and seals the wood in one ,B
How much Manns mix and fill do I need for 20m2? ,2,Brand,Manns,Roughly 20L,"Cant work it out, gap size dependant",Roughly 5L,Roughly 10L,B
What is Polyvine Crackle Glaze used for? ,1,Brand,Polyvine,Creates a tough coating on paint,Used to create decorative aged effects,Creates a semi translucent stain finish on top of paint,Creates a paint finish ,B
What is the woodleys exterior block brush best for applying? ,2,Application,,Flooring varnishes,"Exterior stains, paints and preservers",Worktop oils ,Wax polishes ,B
What is Zinsser BIN used for?,1,Brand,Zinsser,Top coat that blocks tannins and mould,Primer that blocks stains and strong odours,Preserver that prevents mould and mildew ,Water based stain for wood,B
Which of the following is a common issue when applying Zinsser BIN in high humidity conditions?,3,Brand,Zinsser,The primer will dry too quickly and create brush marks,The primer may take longer to dry and could result in uneven coverage or a sticky finish,The primer will form cracks and peel off shortly after application,The primer will turn a different color due to chemical reactions,B
What should you do if Zinsser All Coat Exterior WB gets too thick during use?,4,Brand,Zinsser,Apply it anyway; it will thin out as it dries,Add a small amount of water to thin the paint to the desired consistency,Replace the paint with a fresh can of thinner paint,Use a heat gun to melt the paint and make it more fluid,B
How does Zinsser Bulls Eye 1-2-3 help improve paint adhesion?,4,Brand,Zinsser,"It creates a smooth, glossy surface that enhances the bond between the paint and the surface","It acts as a bonding agent that helps paint adhere to challenging surfaces, such as glossy or previously painted surfaces","It adds a thick, rubber-like layer that prevents paint from peeling off",It works as a filler to repair damaged surfaces before painting,B
Dulux provides a range of paints. Which specific product line is known for excellent moisture resistance for bathrooms and kitchens?,4,Brand,Dulux,Dulux Trade,Dulux Easycare,Dulux Diamond Matt,Dulux Weathershield,B
"Dulux ""Trade"" paints are generally known for which of the following?",1,Brand,Dulux,Being marketed only to DIY consumers,Offering superior coverage and durability for professional decorators,Being the cheapest paint line available,Containing added glitter for aesthetic appeal,B
"Dulux ""Trade"" paints often claim to provide superior coverage. What is one of the primary reasons why Dulux Trade paints are known for their superior coverage compared to consumer-grade paints?",5,Brand,Dulux,"They contain fewer chemicals, which results in a thinner application","They have a higher concentration of pigments, allowing for better hiding and fewer coats","They are only available in smaller quantities, which limits their spread","They dry faster, making the application smoother without creating a thicker coat",B
Dulux Easycare range is marketed as offering enhanced stain resistance. What is the key technology behind the Easycare line’s ability to repel stains?,4,Brand,Dulux,It uses a special cross-linking polymer that prevents liquid from soaking into the surface,It incorporates a nano-tech coating that repels dirt and moisture from adhering to the surface,It includes high-gloss additives that make stains easier to wipe away,It forms a thick layer of protective film that prevents any stain from affecting the surface,B
What is Sandtex Trade Paint primarily known for?,1,Brand,Sandtex,High-gloss finishes on interior wood and metal surfaces,Providing durable and long-lasting protection for exterior masonry and brickwork,Offering a matte finish for indoor walls and ceilings,Quick-drying finishes for garage floors and driveways,B
"Sandtex Trade ""Textured Masonry"" paint is designed for what specific purpose?",2,Brand,Sandtex,To provide a highly glossy finish on rough surfaces,To add a textured finish that hides imperfections and adds aesthetic appeal to masonry,"To create a thin, smooth layer for indoor walls",To be used as a bonding agent for new plaster surfaces,B
"What is Sadolin ""Superdec"" primarily used for?",1,Brand,Sadolin ,Protecting and finishing just metal surfaces for exterior use,Providing long-lasting protection and decorative finish for exterior wood surfaces,Sealing and finishing concrete floors indoors,Painting and decorating interior walls and ceilings,B
Can I use Superdec on previously painted wood?,2,Brand,Sadolin ,"Yes, even on wax and oiled surfaces","Yes, as long as its prepared correctly",No it needs to be stripped completely back,"No, it needs to be bare ",B
What is the main purpose of Osmo Polyx Oil Tints?,1,Brand,Osmo ,"To provide a clear, glossy finish on outdoor furniture",To enhance and protect wooden surfaces while adding a coloured tint,To create a matte finish on metal surfaces,To be used as a primer for non-porous surfaces like glass,B
"When using Osmo Polyx Oil Tints on wood surfaces, which of the following is an essential step for the best finish?",3,Brand,Osmo ,Apply the oil directly onto unprimed wood for an even finish,Sand the surface lightly before application to ensure maximum absorption and even coloration,Mix the tints with water to improve coverage and reduce drying time,"Use a brush to apply the oil, then immediately wipe off excess with a cloth",B
"Customer has applied Osmo UV protection oil but its faded, how do they get the colour back? ",2,Brand,Osmo,Add another coat of the Osmo UV protection oil extra,Use the Osmo wood reviver gel and re apply,Use Osmo country colour directly over the top ,Clean with mould and mildew cleaner,B
What Osmo product is best to seal my terracotta pots? ,2,Brand,Osmo ,Osmo UV protection oil extra in clear 420,Osmo stone and terracotta oil,Osmo polyx oil ,Osmo wood wax finish extra thin ,B
Can Osmo be used on MDF? ,4,Brand,Osmo ,Not recommended,Yes as long as its prepared correctly ,Only the Osmo polyx oil ,Yes but you need to do more coats ,B
Whats the difference between Osmo natural oil woodstain and Osmo natural oil woodstain effect? ,3,Brand,Osmo ,They are both the same,Effect is metalic whilst normal is not metalic,"The effect can go inside, the normal is just outside","The normal is for outside, the effect is for outside",B
What is the water based Osmo paint called? ,3,Brand,Osmo ,Osmo country shades,Osmo garden colour,Osmo country colour,Osmo wood wax finish intensive,B
What makes Fiddes Hard Wax Oil stand out compared to other oil finishes in terms of its formula?,2,Brand,Fiddes,"Contains synthetic resins for a glossy, non-breathable finish","Blends natural oils and waxes for a durable, breathable finish",Requires frequent reapplication due to weak protection,Provides UV protection ,B
Whats the difference between Fiddes natural and Ultra raw? ,2,Brand,Fiddes,Fiddes natural is glossy whilst ultra raw is satin,Fiddes natural has a satin finish and ultra raw is matt,Both are exactly the same just come in different sizes,Fiddes natural is ultra raw and ultra raw is satin ,B
What do you need to mix with the Fiddes wood filler gel? ,2,Brand,Fiddes,Saw dust,Fine sanding dust,Wood shavings,Bark,B
What does Barrettine mould and mildew contain to make it effective at killing mould? ,2,Brand,Barrettine,Oxalic Acid ,Fungicide ,Insecticide ,Permethrin,B
Will the clear Barrettine premier wood preserver darken the wood?,1,Brand,Barrettine,No it will keep it completely natural,It will enhance the natural colours of the wood,It will stain the wood brown ,It contains white pigment and will counteract the darkening effects,B
Can I use Barrettine Premier wood worm killer on a chicken shed and dog kennel?,3,Brand,Barrettine,"Yes, its fine to use around animals",Not recommended as it contains toxic ingredients,Yes as long as you use 3 coats,Yes as long as you ventilate the area,B
Will the Barrettine wood protective 5l size be sufficient to cover a 7x7 shed?,3,Brand,Barrettine,Yes that would be enough for two coats,I don’t know,You would need 2 x 5L,You would only need 2L,B
What is the main difference between Barrettine log cabin treatment clear and Barrettine wood protective in clear? ,3,Brand,Barrettine,"Wood protective has UV, Log cabin treatment does not","Log cabin has UV protection, wood protective does not",Wood protective can go on decking whilst log cabin treatment can not,Both are exactly the same in what they can do,B
Crown’s Trade Satin is designed to provide a finish for which type of surface?,3,Brand,Crown,Glass and mirrors,Wood and metal surfaces,Walls and ceilings,Fabric and upholstery,B
What kind of people does the Crown breatheasy range appeal to? ,3,Brand,Crown,Tradesmen,Asthma Sufferers,People with skin allergies,People who enjoy using solvents,B
Whats in the Crown easyclean Bathroom emulsion that makes it suitable for bathrooms? ,2,Brand,Crown,Slip resistance,Mould guard,Greaseguard,Food safety,B
What makes Liberon Black Bison Wax a popular choice for treating wood?,2,Brand,Liberon,High resistance against heat,Easy to apply and easy to maintain,High resistance against wear and tear,High UV protection,B
What finish will the Liberon Black Patinating wax give?,4,Brand,Liberon,Gives a antique brown finish,Gives an aged look,Replicates denatured timber,Gives an opaque finish ,B
What do you need to mix with Manns trade mix and fill ?,1,Brand,Manns ,Saw dust,Fine sanding dust,Wood shavings,Bark,B
Whats the only finish the Manns premier top oil comes in? ,2,Brand,Manns ,High gloss,Matt,Gloss ,Semi matt ,B
What is a retarder used for? ,5,Brand,Morrells,Shortens the drying time of a product,Prolongs the drying time of a product,Makes a product cure faster,Makes a product cure slower,B
How many coats of Morrells Induro XLA anti slip do you need when using whats recommended before hand?,5,Brand,Morrells,4,1,2,3,B
What would you recommend Protek royal exterior paint for? ,2,Brand,Protek,Decking,Log cabins and sheds,Previously painted windows and doors ,Interior flooring ,B
How does the moisture content in wood affect its weight?,2,Wood,Moisture,It decreases the weight of the wood,Higher moisture content increases the weight of the wood,It makes the wood more flexible.,It has no effect on the weight of the wood,B
How do wood extractives typically affect the finishing of wood?,3,Wood ,Extractives,They enhance the adhesion of paints and stains to the wood surface,"They can cause staining, difficulty in adhesion, and affect the uniformity of finishes",They make the wood more resistant to decay and insect attack,They reduce the need for sanding and preparation before finishing,B
What is a common type of plaster used for internal wall finishes?,4,General K,Plaster,Cement plaster,Gypsum plaster,Lime plaster,Clay plaster,B
How is Accoya wood modified to improve its properties?,3,Wood,Accoya,It is treated with chemical preservatives and dyes,It undergoes a non-toxic acetylation process,It is coated with synthetic resins to increase strength,It is heat-treated to remove moisture and increase density,B
What is a common use for Accoya wood in construction?,5,Wood,Accoya,Roofing shingles and insulation panels,"Window frames, doors, and outdoor decking",Concrete foundations and structural beams,Flooring and interior wall panels,B
What colour does accoya tend to be in its natural state?,2,Wood,Accoya,Similar to Walnut,Similar to Pine ,Similar to Oak,Similar to Cedar,B
How does Tricoya compare to traditional hardwoods in terms of environmental impact?,5,Wood ,Tricoya,Tricoya has a higher environmental impact because it uses toxic chemicals in its treatment process,Tricoya has a lower environmental impact because it is made from fast-growing softwood and treated with a sustainable acetylation process,Tricoya has the same environmental impact as traditional hardwoods due to the energy-intensive manufacturing process,Tricoya has a lower environmental impact because it is entirely made from recycled materials,B
How long can Tricoya wood last when used in outdoor conditions?,4,Wood ,Tricoya,Tricoya wood lasts only 5-10 years in outdoor conditions before it begins to degrade,"Tricoya wood can last up to 50 years or more in outdoor conditions, thanks to its enhanced resistance to moisture, decay, and rot","Tricoya wood lasts about 20 years in outdoor conditions, similar to untreated softwoods",Tricoya wood can last indefinitely in outdoor conditions without any maintenance,B
How does the heat treatment in Thermowood affect its appearance?,4,Wood,Thermowood,"The heat treatment lightens the wood, making it appear almost white or pale yellow","The heat treatment darkens the wood, giving it a rich, deep color and enhances its natural grain patterns",The heat treatment causes the wood to lose its natural grain and texture,"The heat treatment creates a glossy, shiny surface that requires no additional finishing",B
What is the typical lifespan of Thermowood when used in outdoor conditions?,4,Wood,Thermowood,Thermowood can last indefinitely in outdoor conditions without any maintenance,"Thermowood can last up to 50 years or more in outdoor conditions, due to its enhanced resistance to moisture, rot, and decay",Thermowood typically lasts only 5-10 years outdoors before it begins to degrade,"Thermowood lasts for about 15 years outdoors, similar to untreated softwoods",B
What product is acrylic normally found in?,1,General K,other,Oil ,Varnish,Preserver,Wax polishes ,B
What is the effect of applying a second coat of stain to wood?,1,Product type,Stain,It will make the wood become soft and fragile,It deepens the colour and can even out the tone of the wood,It will prevent the wood from absorbing moisture,It will prevent the grain from showing through,B
What spirit is the Osmo brush cleaner and thinner made from?,3,Brand,Osmo ,Methylated spirits,Benzene free white spirit,Water,Cellulose,B
"I have decking that’s 13m x 5m, how many squared meters do I have? ",1,General K,other,55m2,65m2,62m2,60m2,B
What can spraying a product do to the coverage of a product?,4,General K,other,Increase it,Reduce it ,Makes no difference ,Makes it go double as far,B
What would 'R11' stand for? ,3,Brand,Osmo,Heat Resistance,Slip Resistance,Food Resistance,Child safe,B
What are the cons of  a high gloss varnish?,3,Product type,Varnish,"Less durable compared to a matt varnish, but looks nice",Statement sheen but can show up imperfections,More durable than a lower sheen but needs more coats,Same durability as other sheens but hides imperfections for longer,B
"A log cabin has a rectangular footprint with dimensions of 10 meters by 15 meters. The walls are constructed with logs that have a diameter of 0.3 meters. The cabin has a single-story height of 4 meters, and the roof has a triangular shape. What is the total surface area of the four walls of the cabin (excluding windows and doors)?",5,General K,Measurements,120,140,160,180,B
What is the Bona R848 not recommended to be used on/for?,4,Brand,Bona,To lay down parquet boards,As a levelling compound,To lay down narrow floor boards,Used with underfloor heating systems ,B
A customer complains they have used Ronseal ultimate protection decking paint and its flaking off and not adhered. Why could this be? ,4,Brand,Ronseal,Using a brush to apply the product,Didn’t let the wood dry out enough,Waited 4 hours between coats ,Did not stir the product,B
How can you tell a piece of furniture or cladding is solid wood and not mdf or ply?,3,Wood,Wood type,It has perfectly smooth edges with no texture,It has visible wood grain patterns and variations on all sides,It is extremely lightweight and feels hollow,"It always has a glossy, uniform finish",B
Can spalted wood be used for furniture making?,4,Wood,Spalted,"No, because it is too brittle and weak for any kind of furniture","Yes, but only for decorative pieces, not functional furniture","Yes, but only for decorative pieces, not functional furniture","No, because it is too soft and fragile to withstand use",B
In which type of wood does spalting most commonly occur?,5,Wood,Spalted,"Softwood, such as pine or spruce","Hardwood, especially species like maple, birch, and beech",Exotic hardwoods like teak and mahogany,All types of wood equally,B
