question,level,category,product,option_a,option_b,option_c,option_d,correct_option
What are the three reasons people treat timber? ,1,Wood,,"Prevent allergy, decay and to colour","To nourish, keep costs down and to look nice","Make it less flammable, to keep it strong and to keep it moist","Health, look and durability","Health, look and durability"
What is a wood veneer?,1,Wood,Engineered,Solid wood,Wood stuck adjacently ,Thicker piece of wood stuck to a core,Thin piece of wood stuck to a core,Thin piece of wood stuck to a core
What are the softwoods here?,1,Wood,Softwood,Cedar and Walnut,Teak and Walnut,Douglas fir and Idigbo,Pine and Spruce,Pine and Spruce
What is the best brush for varnish?,1,Product type,Varnish,Masonry brush,Angled brush,Natural or Bristle blend,Synthetic brush,Synthetic brush
What grit should the final sand be when applying varnish?,1,Product type,Varnish,60,80,120,180,180
What is the best applicator for a wax?,1,Product type,Wax,Cotton cloth ,Bristle blend brush,Synthetic brush,Stockinette cloth ,Stockinette cloth 
What is the water test?,1,Wood,,Drench the surface in water,Dip the wood in water ,Spray water on the surface ,Using a cloth wipe some clean water onto the surface,Using a cloth wipe some clean water onto the surface
What are Osmo best known for? ,1,Brand,Osmo,Waxes,Paints,Varnishes ,Oils,Oils
What does transparent mean?,1,General Q,,Cant see through it ,Can see shapes through it ,Can see texture through it,Can see through it ,Can see through it 
What does tanalised mean? ,1,Product type,Preserver,You can buy it in products to preserve the wood,Protected from moisture ,Protected from water ingress,Preserved but on industrial scale ,Preserved but on industrial scale 
What is the difference between Barrettine universal and Barrettine premier wood?,1,Brand,Barrettine,Premier wood preserver has no wax and only comes in clear,You can paint over Premier wood whereas you cant with universal ,Universal contains UV filters whereas premier wood does not,Universal has no wax and only comes in clear ,Universal has no wax and only comes in clear 
How many coats of Sikkens HLS Plus followed by Sikkens Filter 7 Plus?,1,Brand,Sikkens,2 of HLS and 2 of Filter 7,2 of HLS and 1 of Filter 7,3 of HLS and 1 of Filter 7,1 of HLS and 2 of Filter 7,1 of HLS and 2 of Filter 7
"I have greyed denatured timber, what product is most suitable?",1,Preparation ,Reviver,Osmo tannin spot remover,Fiddes wood surface cleaner,Barrettine mould and mildew cleaner,Osmo wood reviver gel,Osmo wood reviver gel
"If sanding a varnish off back to bare wood to treat again, what grits would you use?",2,Preparation ,Sanding,"36, 60, 120, 180 ","24. 36. 80, 180","80, 180, 240 ","60, 80, 120, 180","60, 80, 120, 180"
What does VOC stand for? ,2,General Q,,Vaporated Organic Compound,Volatile Oak Compound,Vegan Organic Chemical,Volatile Organic Compound,Volatile Organic Compound
What would you apply an adhesive with?,2,Product type,Application,A cloth ,A brush,A roller,A trowel,A trowel
What is the key difference between solvent based and water based paint?,2,Product type,Paint,Solvent based paint dries faster than water based,Solvent based can be cleaned up with water,Water based yellows and solvent based does not ,Solvent based yellows and Water based is non yellowing,Solvent based yellows and Water based is non yellowing
What quantity of wood dust do you use to Bona mix and fill?,2,Brand,Bona,40/60,30/70,20/80,50/50,50/50
What is the difference between Osmo 410 and Osmo 420?,2,Brand ,Osmo,Osmo 420 can go inside and outside,Osmo 420 contains white to keep the natural colour,Osmo 420 is animal friendly and 410 is not ,Osmo 410 has no boicides so can go inside and outside,Osmo 410 has no boicides so can go inside and outside
"Osmo polyx oil RAW 3044 has gone milky, why could this be? ",2,Brand,Osmo,Used on softwood,Not stirred tin enough,"Under applied, apply more ",Over application or badly sanded,Over application or badly sanded
"I have a log cabin that is 4(l) x 6m (w) and 2.4m(h), I want do the four walls and the floor, how many m2 do I have? ",2,General K,Measurements,75m2,55m2,66m2,72m2,72m2
"I want to lime my furniture, what do I need to do to the grain? ",2,Product type,,Stain the grain first ,Close the grain with 0000 steel wool,Sand the wood fine ,Open up the wood grain with a bronze brush,Open up the wood grain with a bronze brush
What does the term kiln dried wood mean in woodworking? ,3,Wood,,Wood that has been cut unseasoned in factory,Wood that has been preserved against insects,Wood that has been treated for protection against the elements,Wood that has been dried to reduce moisture content ,Wood that has been dried to reduce moisture content 
What do you need to do the top of the Bona craft oil 2k to activate hardener?,3,Brand,Bona,Use hardener on top of the oil ,Open as normal and mix in ,Open the lever and let the hardener run through,Stab the top with a screwdriver,Stab the top with a screwdriver
Describe what linear meters mean? ,3,General K,Measurements,A measurement of a circle ,A mass measurement,A squared measurement,A measurement of length  that is measured in a straight line ,A measurement of length  that is measured in a straight line 
Why would you use Barrettine shellac sanding sealer? ,3,Brand,Barrettine,Sealing in knots prior to using top coat ,Filling the wood grain prior to using topcoat,Colouring wood prior to using a top coat ,Sealing pours so  less top coat is needed,Sealing pours so  less top coat is needed
What is bitumen paint used for? ,3,Product type,Paint,Masonry  ,Veneer,Wood,Concrete and metal ,Concrete and metal 
Best Zinsser product for damaged drywall? ,3,Brand,Zinsser,Zinsser B-I-N,Zinsser all coat ,Zinsser Perma White ,Zinsser gardz,Zinsser gardz
What in wood denatures with UV light?,3,General Q,,Cellulose ,Pores,Wood grain ,Lignin ,Lignin 
What is the difference between Zinsser B-I-N and Zinsser B-I-N Aqua?,3,Brand,Zinsser,"Zinsser B-I-N is just spot primer outside, B-I-N Aqua is okay all over outside",Zinsser B-I-N is interior and Zinsser B-I-N Aqua is exterior ,Zinsser B-I-N can go on softwoods and hardwoods and B-I-N Aqua is just softwoods,"Zinsser B-I-N is solvent, Zinsser B-I-N Aqua is water based","Zinsser B-I-N is solvent, Zinsser B-I-N Aqua is water based"
What is classed as a warm paint colour? ,3,Product type,Paint,Purple,Green,Blue,Orange,Orange
What percentage of pigment is in the Osmo polyx oil tints?,3,Brand,Osmo,11%,7%,1.25%,4%,4%
What cant you do to a thixotropic paint product?,3,Product type,Paint,Apply it to furniture,Apply it inside,Apply it with a brush,Stir it ,Stir it 
"What zinsser product is best for covering smoke, nicotine and ink stains?",3,Brand,Zinsser,Zinsser bulls eye 1-2-3,Zinsser all coat exterior,Zinsser Perma White ,Zinsser cover stain,Zinsser cover stain
"In woodworking, what is a dovetail joint typically used for? ",4,Wood,,Flooring boards,"Cladding, windows & doors","Worktops, tabletops & chopping boards","Furniture, Cabinets & Drawers","Furniture, Cabinets & Drawers"
How much percentage of pigment has Osmo wood wax finish intensive got in it? ,4,Brand,Osmo,11%,4%,5%,7%,7%
What is screed used for?,4,Substrate,,Is used typically for pavements,Its used for a support structure for beams,To create adhesion between coats of adhesive,To make a surface level before laying flooring,To make a surface level before laying flooring
What causes 'Orange peel texture' when painting? ,4,Product type,Paint,Applying paint too thinly ,Applying paint to a surface that’s wet ,Applying the paint on top of a aluminum primer,Applying paint too thickly or in to hot/cold conditions,Applying paint too thickly or in to hot/cold conditions
How long should peelaway 1 be left on the surface before peeling it off?,4,Paint remover,,up to 4 hours,up to 12 hours,up to 24 hours,up to 48 hours,up to 48 hours
"When using Zinsser 'Cover Stain' oil based primer on wood, what is the most important reason to allow it to fully dry before applying a top coat?",4,Brand,Zinsser,The primer contains moistue that could prevent proper bonding of the topcoat if applied to soon,The primer provides too much texture and a proper cure is needed to allow for a smoother topcoat application,The primer is highly refective which can alter the colour of the topcoat if not applied correctly,"The oil based formulation dries by evaporation, and applying a topcoat before full curing may trap the solvents ","The oil based formulation dries by evaporation, and applying a topcoat before full curing may trap the solvents "
 Dulux Trade Weathershield offers exceptional performance in extreme weather conditions. Which characteristic of this product makes it ideal for use on wood in coastal areas with high salt and moisture levels?,4,Brand,Dulux,It has a high gloss finish that prevents water penetration and allows for easy cleaning of salt residues.,"It contains zinc oxide, which provides a natural resistance to saltwater corrosion and prevents deterioration."," It features advanced hydrophobic properties that repel water, reducing the chances of water absorption and swelling in wood.","It forms a flexible coating that expands and contracts with the wood, preventing cracks and providing long-term protection against the salt air.","It forms a flexible coating that expands and contracts with the wood, preventing cracks and providing long-term protection against the salt air."
Why do people use wet and dry sandpaper rather than just dry? ,4,Preparation ,Sanding,Wet sandpaper can only be used on metal surfaces unlike dry sandpaper,Wet sandpaper is easier to use on rough surfaces than dry sandpaper,Wet sandpaper works better because it is more abrasive than just dry sandpaper,"Wet and dry reduces friction and clogging, allowing for a smoother finish","Wet and dry reduces friction and clogging, allowing for a smoother finish"
What can wood rings tell you about the wood itself? ,4,Wood,Rings,The rings indicate the tree's exposure to sunlight throughout the year,The rings indicate the strength and durability of the wood at different points in time,How old the tree is and if it’s a softwood or a hardwood ,How old the tree is and what the weather was like during each year of the trees life,How old the tree is and what the weather was like during each year of the trees life
What is the ideal tool for applying the Osmo oil stain to get the expected 48m2 coverage?,4,Brand,Osmo,Brush ,Cloth,Roller,Double bladed scraper,Double bladed scraper
"How does the use of Morrells' ""Pre-Catalysed Lacquer"" influence the cure time and final finish quality when compared to air-dried lacquer systems?",4,Brand,Morrells,Pre-catalysed lacquer always produces a softer finish compared to air-dried lacquers,Air-dried lacquer cures faster than pre-catalysed lacquer,Pre-catalysed lacquer is not suitable for high-traffic areas due to its low durability: ,As its got a hardener incorporated already it significantly speeds up curing time compared to air dry lacquer.,As its got a hardener incorporated already it significantly speeds up curing time compared to air dry lacquer.
"What specific chemical property of linseed oil in Osmo finishes contributes to the wood’s ability to ""breathe"" while being water-resistant?",5,Brand,Osmo,Its high evaporation rate,Its solvent content that allows for faster absorption into the wood,"Its ability to form a hard, crystalline structure","Its polymerization process upon drying, forming a flexible but breathable film","Its polymerization process upon drying, forming a flexible but breathable film"
"Which wood adhesive is best for projects where flexibility is required in the bond, such as when bonding hardwood?",5,Product type,Adhesive,Contact cement,Epoxy,PVA,Polyurephane ,Polyurephane 
Which type of wood is most commonly used for Shou Sugi Ban?,5,Wood,,Oak,Pine, Maple,Cedar,Cedar
"According to color theory, which color is least likely to create a sense of warmth and intimacy, even though it is often perceived as ""warm""?",5,Colour,Mood,Red,Orange,Yellow,Blue,Blue
"What is the main reason why some woodworkers choose to apply a ""cut"" of raw linseed oil mixed with mineral spirits rather than using pure boiled linseed oil?",5,Product type,Oil,To make the wood waterproof without requiring additional coats,To prevent the oil from becoming too thick during application,To enhance the colour contrast in the wood grain,To increase the drying speed without compromising durability,To increase the drying speed without compromising durability
"What does the term ""ACQ"" stand for in relation to wood preservatives?",5,Product type,Preserver,Alkaline chromium quality,Ammonia copper quinone,Acidic copper quaternary,Alkaline copper quaternary,Alkaline copper quaternary
Whats the best rating you can get for fire protection coatings?,5,General K,Rating,Class 3 ,Class 4,Class 1,Class 0 ,Class 0 
What is a etch primer?,5,Product type,Primer,It is used to provide a high-gloss finish on wooden furniture,It is a protective layer applied to prevent corrosion on wooden surfaces,It is used as a final clear coat to protect a painted surface from scratches and moisture,"It is used to improve adhesion to metal surfaces by chemically etching the surface, creating a better bond for subsequent layers of paint.","It is used to improve adhesion to metal surfaces by chemically etching the surface, creating a better bond for subsequent layers of paint."
Titanium dioxide in paints often requires dispersion with other chemicals. What is the main reason for this?,5,General K,,To improve the glossiness of the paint finish,To reduce the toxicity of the titanium dioxide during application,To chemically bond the titanium dioxide to the surface for enhanced durability,To break up the titanium dioxide particles and ensure a smooth and even application,To break up the titanium dioxide particles and ensure a smooth and even application
"What is the typical effect of adding ""bentonite clay"" to paint formulations?",5,,,It reduces the paint’s adhesion to non-porous surfaces,It enhances the paint's resistance to UV light,It increases the drying time of the paint,"It improves the paint’s rheology, helping with thickening and suspension","It improves the paint’s rheology, helping with thickening and suspension"
What is the maximum number of paint layers that PeelAway can effectively remove in a single application?,5,Brand ,Peelaway,Up to 50 layers,Up to 10 layers,Up to 5 layers,Up to 30 layers,Up to 30 layers
In which environment is pre-catalyzed lacquer most effective?,3,Product type,Varnish ,"Cold, high-humidity areas",Areas exposed to high levels of UV light,High-traffic areas with frequent abrasion,Controlled environments with consistent temperature and humidity,Controlled environments with consistent temperature and humidity
In which scenario would you use Osmo wood protector before applying a finish? ,2,Brand ,Osmo,When working with newly installed exterior wood that has not yet weathered,When applying finishes to highly porous woods such as pine,When working on wood that will be exposed to extreme weather conditions,When treating wood in a moisture or wet area,When treating wood in a moisture or wet area
Can you use regular sandpaper for wet sanding?,3,Preparation,Sanding,"Yes, regular sandpaper can be used for wet sanding as long as it is kept dry: Regular sandpaper cannot be used effectively for wet sanding as it will likely degrade when exposed to water.","Yes, regular sandpaper works better in wet conditions: Regular sandpaper is not designed for wet conditions, and using it wet could lead to the paper breaking down or becoming ineffective","No, wet sanding can only be done using a special machine: Wet sanding can be done by hand using wet and dry sandpaper. Special machines are optional but not required.","No, regular sandpaper is not designed to be used with water. Wet sanding requires specially made wet and dry sandpaper, which is designed to hold up under moisture and prevent degradation.","No, regular sandpaper is not designed to be used with water. Wet sanding requires specially made wet and dry sandpaper, which is designed to hold up under moisture and prevent degradation."
"What is the characteristic pattern of ""cathedral"" grain in wood?",5,Wood,Grain,"Cathedral grain is only found in softwoods, like pine","Cathedral grain is characterized by a swirling, irregular pattern with no symmetry",Cathedral grain appears as a series of vertical straight lines across the wood surface,"Cathedral grain features a curved, arch-like pattern often seen in the face grain of hardwoods like oak","Cathedral grain features a curved, arch-like pattern often seen in the face grain of hardwoods like oak"
"Why does walnut wood have a deep, dark grain pattern?",3,Wood,Grain,Walnut wood has an oily texture that makes the grain darker,Walnut wood grain darkens due to the presence of a high amount of resin,"Walnut wood grain is naturally light and pale, requiring staining to achieve its darker appearance.","Walnut wood has a high level of tannin, which darkens as it reacts with air over time, giving it a rich, dark grain","Walnut wood has a high level of tannin, which darkens as it reacts with air over time, giving it a rich, dark grain"
Which softwood is commonly used for making paper?,2,Wood,Softwood,Oak,Cherry,Spruce,Pine,Pine
Which softwood species is often used in construction for framing due to its strength and availability?,3,Wood,Softwood,Bamboo ,Beech,Ash,Douglas fir ,Douglas fir 
"I have a log cabin that is 3m x 5m, how many m2 do I have for all four walls?",1,General K,Measurements,15,10,17,I don’t know,I don’t know
What is the primary difference between hardwoods and softwoods?,1,Wood,Hardwood,Hardwoods are always lighter than softwoods,"Hardwoods have straight, simple grain patterns, while softwoods have more complex patterns",Hardwoods are always softer than softwoods,"Hardwoods come from deciduous trees, while softwoods come from coniferous trees.","Hardwoods come from deciduous trees, while softwoods come from coniferous trees."
"Which hardwood is known for its distinctive dark color and resistance to rot, often used for boat building?",3,Wood,Hardwood,Maple,Ash,Pine,Mahogany ,Mahogany 
Which hardwood species is commonly used for high-quality flooring due to its durability and attractive appearance?,2,Wood,Hardwood,Pine,Poplar,Cedar,Oak,Oak
How can UV rays affect the lignin in wood?,2,Wood,UV,UV rays turn the lignin in wood into a natural preservative that prevents decay,UV rays make the lignin in wood more resistant to pests,"UV rays enhance the lignin, making the wood stronger and more resilient","UV rays break down lignin, causing the wood to become more brittle and prone to damage","UV rays break down lignin, causing the wood to become more brittle and prone to damage"
Woca Soap is primarily used for?,2,Brand,Woca,Sealing the wood surface,Preventing water damage,Adding colour to the wood,Cleaning wood surfaces without damaging the finish,Cleaning wood surfaces without damaging the finish
Which colour is typically associated with energy and excitement in interior design?,2,Colour,Mood,Green,Purple,Blue,Yellow,Yellow
Which of these is a recommended application tool for Osmo finishes?,1,Brand,Osmo,Electric sander,Pressure washer,Microfibre mop,Brush or cloth,Brush or cloth
Which of the following is NOT a characteristic of Osmo Wood Finishes?,2,Brand,Osmo,High durability,Water resistant ,Easy to repair,High build product,High build product
Which of these finishes is best for protecting outdoor furniture from water and UV damage?,4,Brand,Osmo,Osmo UV protection oil extra in clear 420,Osmo polyx oil tints in Terra,Osmo decking oil clear 007,Osmo natural oil woodstain in Oak ,Osmo natural oil woodstain in Oak 
Which of the following is NOT a feature of Osmo’s Country Colour?,2,Brand ,Osmo,"It is an opaque, pigmented wood finish designed for outdoor use",It provides a protective finish for garden furniture and wooden fences,It offers long-term UV protection against color fading,It allows the natural grain of the wood to show through,It allows the natural grain of the wood to show through
What is a key feature of Zinsser’s Perma-White finish?,3,Brand ,Zinsser ,It is designed for outdoor use and provides UV protection,It is a high-gloss finish designed for interior furniture,It is a water-based varnish for wood decking,"It has a mould- and mildew-resistant finish, ideal for bathrooms and kitchens","It has a mould- and mildew-resistant finish, ideal for bathrooms and kitchens"
Cuprinol’s Anti-Slip Decking Treatment is specifically designed to improve safety on decking. How does this product provide anti-slip protection?,2,Brand,Cuprinol,By adding rubber granules to the surface of the wood,"By creating a clear, slick film that helps maintain the deck’s appearance",By creating a chemical bond with the wood that prevents slippage in wet conditions,By increasing the friction of the decking surface with a rough texture,By increasing the friction of the decking surface with a rough texture
What is the main benefit of using wood glue (PVA) for wood bonding?,2,Product type,Adhesive,It bonds wood to metal,It forms a waterproof bond,It dries extremely fast,It’s easy to sand and paint over,It’s easy to sand and paint over
Which of the following adhesives would be the best for bonding wood in wet or submerged conditions?,4,Product type,Adhesive,Superglue,Hot glue,PVA glue,Polyurethane glue,Polyurethane glue
What issue can arise if you paint over a surface that is not completely dry?,1,Product type,Paint,The paint will dry faster,The colour will become more vibrant,The paint will be easier to sand,The paint may wrinkle or crack,The paint may wrinkle or crack
Why does paint fade over time when exposed to sunlight?,2,Product type,Paint,The paint dries too quickly,The surface becomes too smooth,The paint absorbs too much moisture,UV rays break down the pigments in the paint,UV rays break down the pigments in the paint
What could cause streaks in freshly painted surfaces?,1,Product type,Paint,Using a paint with low viscosity,Applying paint too slowly in small sections,Applying multiple thin coats of paint,Using a dry or dirty paintbrush or roller,Using a dry or dirty paintbrush or roller
What can cause a painted surface to become sticky after drying?,2,Product type,Paint,Painting in extremely dry conditions,Using a paint with a high gloss finish,Cleaning the surface before painting with a solvent,Applying paint too thickly or too quickly,Applying paint too thickly or too quickly
"Which of the following oils is considered a ""drying oil,"" meaning it undergoes a chemical reaction with oxygen and hardens over time, making it suitable for protective finishes?",4,Product type,Oil,Danish oil ,Jojoba oil ,"Linseed oil, which enriches and protects the wood from within",Tung oil ,Tung oil 
What is the main purpose of using pressure treatment in wood preservation?,2,Product ,Preserver,To make the wood more flexible,To improve the wood's scent,To enhance the wood's natural colour,To force the preservative deep into the wood fibers,To force the preservative deep into the wood fibers
How long do you need to let Cuprinol garden shades dry before overcoating?,3,Brand,Cuprinol ,2 to 3 hours,After 6 hours,1 - 2 hours,2 - 4 hours,2 - 4 hours
What makes Farrow & Ball paints more eco-friendly than many other paints?,2,Brand,Farrow and ball,They use animal products to create their colours,They are made from entirely synthetic materials,They contain no pigments,They use water-based solvents instead of oil-based ones,They use water-based solvents instead of oil-based ones
Cherry wood is known for which of the following color characteristics?,1,Wood,Colour,Yellowish white,Light gray with a dark grain,Very dark brown,Deep red that darkens with age,Deep red that darkens with age
What is Sikkens primarily known for?,1,Brand ,Sikkens,Offering food-grade coatings,Providing adhesives for furniture,Specializing in auto body paints,Manufacturing wood finishes and coatings,Manufacturing wood finishes and coatings
"Which Sadolin product is specifically designed for exterior wood, offering protection against both water and UV rays?",2,Brand ,Sadolin ,Sadolin PV67 ,Sadolin quick dry wood preserver,Sadolin wood filler,Sadolin classic wood protection ,Sadolin classic wood protection 
What product would you apply over the sadolin classic on external windows for more protection without changing colour? ,4,Brand ,Sadolin ,Sadolin superdec ,Sadolin PV67 Heavy duty varnish,Sadolin extra durable woodstain,Sadolin extra durable clearcoat,Sadolin extra durable clearcoat
How does the grey appearance of denatured wood affect its maintenance?,2,Wood,,The grey appearance means the wood never needs to be treated or sealed again,The grey appearance requires frequent sanding to maintain the colour,The grey appearance indicates the wood is permanently damaged and cannot be restored.,"The grey appearance is a result of weathering, and while it requires minimal maintenance, it can be protected with a clear sealer for extended durability","The grey appearance is a result of weathering, and while it requires minimal maintenance, it can be protected with a clear sealer for extended durability"
Earthborn’s paints are typically classified as having low or zero VOC content. What is the benefit of low VOC paints?,1,Brand ,Earthborn,They dry faster than traditional paints,They are more durable and long-lasting,They provide a high-gloss finish,"They emit fewer harmful chemicals into the air, making them safer for indoor use","They emit fewer harmful chemicals into the air, making them safer for indoor use"
"What is the primary advantage of using Earthborn’s ""Furniture Paint"" compared to other high-coverage paints for furniture?",3,Brand,Earthborn ,It provides a matte finish that resists fingerprints but is easily washable,It requires multiple coats for full coverage and durability,It has a quick-drying formula but requires frequent touch-ups,"It has a smooth, durable finish ideal for frequent use and cleaning","It has a smooth, durable finish ideal for frequent use and cleaning"
What is a live edge?,3,General K,,A woodworking technique that involves adding a layer of paint to the edges of a piece of furniture,A method of carving intricate designs along the edges of wood for decorative purposes,"A type of woodcutting where the edges are precisely squared for a sleek, modern look","A type of wood finish where the natural edge of the tree, including its curves and imperfections, is left intact on the wood surface","A type of wood finish where the natural edge of the tree, including its curves and imperfections, is left intact on the wood surface"
What is a soffit? ,3,General K,,"A type of flooring material used for creating smooth, shiny surfaces on walls",A term for the central support beam in a staircase structure,A type of decorative molding used on the corners of walls and ceilings.,"The underside of a roof overhang, often ventilated to allow airflow and prevent moisture buildup","The underside of a roof overhang, often ventilated to allow airflow and prevent moisture buildup"
What is the main function of titanium dioxide in paint?,3,General K,,To speed up the drying time of the paint,To improve the adhesion of paint to non-porous surfaces,To enhance the flexibility of the paint film,To provide opacity and whiteness by scattering light,To provide opacity and whiteness by scattering light
What can be added to Osmo interior wood filler to improve its texture and workability?,2,Brand,Osmo,Meths,Cellulose ,White spirit,Water,Water
"What is the primary purpose of using a ""flat"" or ""matte"" finish in paints?",2,Product type,Paint,To increase the paint's resistance to stains,To provide a shiny appearance,To improve the durability of the paint,To hide surface imperfections,To hide surface imperfections
What is the potential health risk of inhaling fumes from white spirit over long periods?,1,General K ,W spirit,It can cure respiratory infections,It stops cognitive abilities forever,It can improve lung function,It can cause liver and kidney damage,It can cause liver and kidney damage
What is PeelAway primarily used for?,1,Brand ,Peelaway,To seal cracks in walls,To polish wood,To clean windows,To remove paint from surfaces,To remove paint from surfaces
What is an important safety precaution when using PeelAway?,3,Brand,Peelaway,Only use it outdoors to avoid fumes indoors,Use it without any protective equipment,Apply the product with bare hands for better accuracy,Wear gloves and work in a well-ventilated area,Wear gloves and work in a well-ventilated area
What oil here would be the best for a teak worktop? ,3,General K,Scenario,Osmo polyx oil ,Rustins danish oil,Osmo top oil,Fiddes hard wax oil ,Fiddes hard wax oil 
Which Ronseal product is used to restore the appearance of faded garden furniture?,2,Brand,Ronseal,Ronseal chalky furniture paint,Ronseal decking cleaner and reviver,Ronseal Fence Life,Ronseal Garden Furniture Restorer,Ronseal Garden Furniture Restorer
"Zinsser ""1-2-3"" primer can be used on surfaces such as concrete. What unique property allows it to adhere to these types of surfaces?",4,Brand,Zinsser,It is water-based,It uses an epoxy resin for strong bonding to porous areas,It contains a latex binder for flexible adhesion,It features a special bonding agent for porous surfaces,It features a special bonding agent for porous surfaces
"Zinsser ""Bullseye 1-2-3"" is a versatile primer. What is the maximum recommended VOC content for this product in accordance with U.S. EPA regulations for low-VOC formulations?",5,Brand,Zinsser,200 grams per L,450  grams per L,350 grams per L,250 grams per L,250 grams per L
What does MDF stand for?,2,Wood,Engineered,Magnetic Density Fiberboard,Multi-Density Fiberboard,Modified Density Fiberboard,Medium Density Fiberboard,Medium Density Fiberboard
"What is the primary advantage of using plywood with a ""veneered"" surface as opposed to plain plywood?",2,Wood,Enginereed,Veneered plywood is more resistant to fire and water damage,Veneered plywood has a more durable core structure,Veneered plywood is lighter and more flexible,Veneered plywood is easier to stain evenly compared to plain plywood,Veneered plywood is easier to stain evenly compared to plain plywood
What is the main material used to produce OSB?,1,Wood,Enginereed,Recycled plastic,Solid wood planks,Compressed cardboard,"Wood strands, resin, and wax","Wood strands, resin, and wax"
What is a key factor in the production of OSB that contributes to its strength and performance?,2,Wood,Enginereed,The coating of the material with a waterproof finish,The application of pressure during the cutting process,The use of solid wood as the base material,The alignment of the wood strands in a specific orientation,The alignment of the wood strands in a specific orientation
What is the typical drying time for Protek wood finishes?,2,Brand,Protek,24-48 hours,5-10 minutes,1-2 weeks,2-4 hours,2-4 hours
Which of the following statements about Protek's wood finishes and UV protection is correct?,3,Brand,Protek,"Protek’s finishes provide full protection against UV rays, but they do not prevent discoloration of the wood over time",Protek’s finishes use a chemical barrier that blocks UV rays completely and prevents any fading,"Protek’s finishes cannot protect against UV damage, but they protect against moisture and physical wear",Protek’s finishes include UV absorbers that protect the wood from damage while allowing natural wood aging without discoloration,Protek’s finishes include UV absorbers that protect the wood from damage while allowing natural wood aging without discoloration
What is a major advantage of using bamboo as a building material compared to traditional hardwoods?,1,Wood,Bamboo,Bamboo is slower to grow and harder to harvest,Bamboo is much more expensive than traditional hardwoods,Bamboo is less durable than most hardwood,Bamboo grows quickly and is a renewable resource,Bamboo grows quickly and is a renewable resource
Which of the following is a challenge when using bamboo for construction or wood products?,2,Wood,Bamboo,Bamboo does not provide good insulation,Bamboo is difficult to source in many regions,"Bamboo has very high moisture retention, leading to warping",Bamboo requires chemical treatment to prevent termite damage,Bamboo requires chemical treatment to prevent termite damage
What is Repair Care commonly used for?,1,Wood,Repaircare,Creating new furniture,Repairing and restoring damaged wood,Building wooden structures,Repairing and restoring damaged wood,Repairing and restoring damaged wood
"In terms of wood repairs, why is it essential to use Repair Care's wood primer before applying the repair filler?",3,Wood,Repaircare,To clean the wood and remove dust,To create a smooth surface for easier application,To speed up the curing time of the filler,To ensure the repair filler adheres properly to the wood,To ensure the repair filler adheres properly to the wood
How does cedar wood perform in terms of weight compared to other hardwoods?,4,Wood,Cedar,Cedar is as heavy as mahogany,Cedar has the same weight as oak,Cedar is heavier than most hardwoods,Cedar is relatively lightweight,Cedar is relatively lightweight
What type of wood is pine?,1,Wood,Softwood,Engineered wood,Exotic wood,Hardwood ,Softwood,Softwood
Which environmental condition is pine wood particularly sensitive to?,2,Wood,Softwood,"Dry, arid conditions",Direct sunlight for long periods,Extreme heat,"Moisture, as it can warp and rot if exposed to excessive moisture over time","Moisture, as it can warp and rot if exposed to excessive moisture over time"
What is a primary characteristic of iroko wood?,2,Wood,Hardwood,It has a reddish hue,It is naturally blue in colour,It has a very pale white colour,It has a yellow to golden-brown color that darkens with age,It has a yellow to golden-brown color that darkens with age
How does iroko wood perform in terms of sustainability?,4,Wood,Hardwood,It is only available from illegal logging operations,It is unsustainable and widely overharvested,It is considered endangered and should not be used,"It is considered a sustainable wood, but its availability depends on responsible forestry practices","It is considered a sustainable wood, but its availability depends on responsible forestry practices"
"Iroko is sometimes referred to as ""African teak."" What is one reason this nickname is used?",5,Wood,Hardwood,Iroko trees are found in the same regions as teak trees,Iroko is as rare and expensive as true teak,Iroko is chemically identical to teak,"Iroko shares similar physical properties with teak, such as durability and resistance to decay","Iroko shares similar physical properties with teak, such as durability and resistance to decay"
Where is idigbo wood commonly found?,2,Wood,Hardwood,North America,Southeast Asia,South America,West Africa,West Africa
Which of the following is a challenge when using idigbo wood in outdoor applications?,2,Wood,Hardwood,Idigbo requires no finishing or treatment to be durable outdoors,"Idigbo has a high tolerance to saltwater, making it suitable for marine environments",Idigbo is naturally resistant to UV rays and extreme weather,"It is not as durable as some other hardwoods, and may require regular maintenance and treatment to withstand the elements","It is not as durable as some other hardwoods, and may require regular maintenance and treatment to withstand the elements"
How can raised grain be prevented when finishing wood?,4,Wood,Grain,By using coarse sandpaper to remove the raised fibers,By using a heat gun to dry the wood faster,By applying a thick layer of finish to seal the surface quickly,By lightly sanding the wood after applying a wet coat and before the finish fully dries,By lightly sanding the wood after applying a wet coat and before the finish fully dries
What is the typical solution for addressing raised grain after sanding wood?,4,Wood,Grain,Using steel wool to buff the surface before finishing,Scraping the raised grain with a sharp chisel to smooth the surface,Applying a thick coat of finish without any additional sanding,Lightly sanding the wood again after applying a coat of water or finish to smooth out the lifted fibers,Lightly sanding the wood again after applying a coat of water or finish to smooth out the lifted fibers
Why is raised grain more of a concern when finishing softwoods like pine compared to dense hardwoods like walnut?,3,Wood,Grain,"Softwoods like pine contain more natural oils, which reduce the chances of raised grain","Dense hardwoods like walnut have more resin content, which prevents grain raising","Softwoods like pine have more tight, compact fibers that don’t absorb moisture and raise grain","Softwoods like pine have long, loose fibers that are more susceptible to swelling and raising when exposed to moisture","Softwoods like pine have long, loose fibers that are more susceptible to swelling and raising when exposed to moisture"
What type of sandpaper is most commonly used for woodworking?,4,Preparation,Sanding,Wet and dry,Diamond,Garnet,Aluminum oxide,Aluminum oxide
Why is it important to ensure sandpaper is properly aligned with the wood grain when sanding?,4,Preparation,Sanding,Sanding against the grain allows finishes to adhere better to the wood surface,Sanding with the grain creates deeper scratches that must be sanded out later,Sanding against the grain provides a smoother surface and makes it easier to stain,Sanding with the grain minimizes the visibility of scratches and preserves the natural appearance of the wood,Sanding with the grain minimizes the visibility of scratches and preserves the natural appearance of the wood
"Which sanding machine is best suited for fine finishing tasks on smaller, intricate wood surfaces?",2,Preparation,Sanding,Random orbital sander,Drum sander,Belt sander,Detail sander,Detail sander
"When using a belt sander, what is the most important safety precaution to take?",3,Preparation,Sanding,Apply heavy pressure to speed up the sanding process,Sand in short bursts to avoid overheating,Use the sander at a low speed for better control,Always keep the sander moving to prevent gouging or damaging the wood surface,Always keep the sander moving to prevent gouging or damaging the wood surface
Which of the following wood types is most susceptible to warping?,3,Wood,,Hardwoods like oak and maple,Plywood,Engineered woods like MDF,Softwoods like pine and spruce,Softwoods like pine and spruce
What is the main reason for warping in plywood?,3,Wood,,Plywood is thicker than solid wood,Plywood does not absorb moisture,The wood grain is uniform in all directions,The layers are unevenly bonded,The layers are unevenly bonded
"What is the primary advantage of using a ""sash"" brush for painting trim and corners?",3,Application,Brush,"It holds more paint, reducing the need for frequent dipping",Its large size provides faster coverage,Its bristles are designed to create a textured finish,It allows for precise control and smooth application in tight spaces,It allows for precise control and smooth application in tight spaces
Which of the following wood finishes is most likely to cause grain reversal?,4,,,Shellac,Lacquer,Wax,Water-based finishes applied unevenly,Water-based finishes applied unevenly
What primer would you use with the Bona supersport HD? ,2,Brand,Bona,Bona amber primer,Bona classic UX primer,Bona natural primer,Bona supersport primer,Bona supersport primer
"Bona’s ""Traffic"" line of products is designed for which type of flooring?",1,Brand,Bona,Laminate floors,Concrete floors,Vinyl floors,Floors in high-traffic areas,Floors in high-traffic areas
How is distemper different from modern emulsion paints?,3,Product type,Paint,"Distemper is water-resistant, while emulsions are not",Distemper requires more coats for coverage than emulsions,"Distemper is oil-based, while emulsions are water-based","Distemper is a chalky, matte finish and not as durable as emulsions","Distemper is a chalky, matte finish and not as durable as emulsions"
What is the primary benefit of using limewash on walls?,3,Product type,Paint,It provides a highly durable and glossy finish,It enhances the gloss of the surface,It is impervious to all forms of damage,"It creates a matte, breathable finish that helps regulate humidity","It creates a matte, breathable finish that helps regulate humidity"
What is the primary disadvantage of using limewash in high-traffic areas?,2,Product type,Paint,It is too durable and difficult to remove,It is impervious to water damage,It becomes too glossy with wear,It tends to fade and wear off over time,It tends to fade and wear off over time
How can limewash be cleaned?,4,Product type,Paint,Abrasive scrubbing with a brush,It should not be cleaned at all,Using soap and water,"Lightly wiping with a damp cloth, avoiding scrubbing","Lightly wiping with a damp cloth, avoiding scrubbing"
Which of the following is a key challenge when applying colour drenching to a room with low natural light?,4,Product type,Paint,It may cause the room to feel more expansive and airy,It makes the walls appear less reflective and light enhances the room,It causes the colour to appear brighter and more saturated than intended,The room may feel too overwhelming or closed in,The room may feel too overwhelming or closed in
What is the difference between Manns classic pine stain and Manns classic oak stain?,2,Brand,Manns,"Oak stain can be used on all wood, pine is just for pine",Both the same and can be used on all woods,Pine stain is designed for darker hardwood and oak stain is designed for lighter softwoods,"Pine is designed for pale softwood, and oak is suitable for darker hardwood","Pine is designed for pale softwood, and oak is suitable for darker hardwood"
What can happen if you use the Manns Oak stain on Pine timber?,4,Brand,Manns,It can go white ,It can go black,It can go red,It can go green,It can go green
What percentage of Manns classic wood dye would you add to Manns extra tough interior varnish?,4,Brand,Manns,Cannot do it,5%,7%,10%,10%
"Polyvine’s ""Heavy Duty Interior Wood Varnish"" provides which of the following properties?",2,Brand,Polyvine,Fire resistant coating,Instant drying time for outdoor use,Creates a glossy reflective finish for metal,Durable protection for wood surfaces,Durable protection for wood surfaces
What are the Woodleys disposable foam brushes best for applying? ,2,Application,,Oil based paints ,Water based paints,Oil based stains,Water based stains and dyes,Water based stains and dyes
"Someone is planning to paint over a mouldy wall, what do they need to do before painting? ",1,Brand,Zinsser,Clean with methylated spirits,Paint straight over the mould,Treat with a wood preservative,Clean with a mould and mildew cleaner,Clean with a mould and mildew cleaner
Which of the following surfaces can Zinsser All Coat Exterior be applied to?,3,Brand,Zinsser,Drywall surfaces with a smooth finish,Glossy vinyl flooring,Non-porous metal surfaces such as aluminum and steel,"Unfinished wood, brick, masonry, and concrete","Unfinished wood, brick, masonry, and concrete"
Which of the following surfaces can Zinsser Bulls Eye 1-2-3 be applied to?,3,Brand,Zinsser,High-gloss enamel finishes without any surface preparation,Wet or damp surfaces without drying,Only metal surfaces that have been sanded to a smooth finish,"Bare wood, drywall, plaster, and previously painted surfaces","Bare wood, drywall, plaster, and previously painted surfaces"
What should you do if Zinsser Bulls Eye 1-2-3 is applied to a surface and you notice peeling or poor adhesion?,5,Brand,Zinsser,Apply another coat of Zinsser Bulls Eye 1-2-3 and wait longer before topcoating,Apply a coat of water to the surface to make it more receptive to the primer,Apply a coat of oil-based primer over the Zinsser Bulls Eye 1-2-3 and then paint,"Sand the surface to remove peeling areas, clean it thoroughly, and reapply the primer","Sand the surface to remove peeling areas, clean it thoroughly, and reapply the primer"
"Dulux's ""Weathershield"" range is specifically designed for which of the following purposes?",4,Brand,Dulux,For use only on wood surfaces indoors,To create a shiny gloss finish on kitchen walls,To be used only on furniture and decorative items,To provide protection against weathering for exterior surfaces,To provide protection against weathering for exterior surfaces
"Dulux ""Colour of the Year"" is selected based on which of the following factors?",4,Brand,Dulux,The most purchased colour in the previous year,A vote by the public through social media,A panel of celebrity designers,"Global trends in fashion, design, and culture","Global trends in fashion, design, and culture"
"Dulux ""Trade"" has a range for floors and heavy-duty areas. What makes Dulux ""Trade Floor Paint"" suitable for high-traffic areas?",5,Brand,Dulux,"It is designed to be applied in multiple layers, providing flexibility","It contains a higher amount of gloss, which helps it resist dirt",It uses a quick-drying formula that allows for faster re-coating,It incorporates tough epoxy-based technology to provide enhanced wear and chemical resistance,It incorporates tough epoxy-based technology to provide enhanced wear and chemical resistance
"Sandtex Trade offers a range of products. Which of the following is a key benefit of Sandtex Trade’s ""Ultra Smooth Masonry"" paint?",2,Brand,Sandtex,It is specifically designed for use on metal,It can only be applied to wooden surfaces,It provides a rough texture for non-slip surfaces,"It offers a smooth, durable finish for masonry, including brick and stone","It offers a smooth, durable finish for masonry, including brick and stone"
"Sadolin ""Classic"" woodstain offers a long-lasting finish. What is one of the key features that make it suitable for exterior wood surfaces?",2,Brand,Sadolin ,It is a high-gloss finish that reflects UV rays,It is designed to be used only in dry conditions,It is formulated with flexible resins to prevent cracking and peeling under extreme temperatures,It contains advanced UV filters that protect wood from weathering and sun damage,It contains advanced UV filters that protect wood from weathering and sun damage
Whats the difference between Sadolin wood preserver and Sadolin quick drying wood preserver? ,3,Brand,Sadolin ,Both the same ,"Quick dry is coloured, wood preserver is clear","Quick dry is for inside, wood preserver is for exterior","Quick dry is water based, wood preserver is solvent based","Quick dry is water based, wood preserver is solvent based"
What is a key advantage of using Osmo Polyx Oil Tints over traditional wood stains?,3,Brand,Osmo ,It is more expensive but lasts longer than other oils,It requires multiple coats to achieve any color effect,It is only suitable for use on outdoor wooden surfaces,"It penetrates the wood deeply, providing both color and protection in one product","It penetrates the wood deeply, providing both color and protection in one product"
"Someone has veneered doors and they want to use Osmo after the manufacturer recommended it, they want a completely natural finish. What product is best? ",4,Brand,Osmo ,Osmo wood wax finish exra thin,Osmo country colour,Osmo polyx oil in matt,Osmo door oil raw,Osmo door oil raw
Can I mix the Osmo interior wood fillers together? ,1,Brand,Osmo,"Yes, but add lots of water",No you cant intermix them,Yes but as long as you mix with meths,Yes absolutely,Yes absolutely
What makes Osmo Garden colour different to the rest of Osmo products? ,3,Brand,Osmo ,You can use it inside and outside,You can spray it ,Its solvent based,Its water based,Its water based
What is the product code for the Osmo wood protector? ,3,Brand,Osmo ,4001,8016,3032,4006,4006
What is the difference between Osmo country colour and Osmo country shades? ,4,Brand,Osmo ,Osmo country shades has a bigger colour range and is higher in VOC content ,Osmo country shades covers a greater area,"Osmo country shades has UV protection, Osmo country colour does not ",Osmo country shades has a lower VOC and a lower odour ,Osmo country shades has a lower VOC and a lower odour 
How long does it take Fiddes hard wax oil to cure? ,2,Brand,Fiddes,2 days,3 days,20 days,7 days,7 days
"I have used one coat of Fiddes hard wax oil tint and I love the colour, what can I use now to not alter the colour much? ",3,Brand,Fiddes,Another coat of Fiddes hard wax oil tint,Just leave it with one coat of the tint,Wipe over with meths ,Apply a coat of clear Fiddes hard wax oil ,Apply a coat of clear Fiddes hard wax oil 
How long does it take Fiddes supreme wax polish to dry? ,2,Brand,Fiddes,20 minutes ,30 minutes,1 hour,10 minutes,10 minutes
What is a key benefit of using Barrettine Decking Oil?,2,Brand,Barrettine,It only requires one thin coat ,Provides an anti slip finish for decking ,Provides a robust opaque finish for decking ,Provides long-lasting protection against weathering and UV damage,Provides long-lasting protection against weathering and UV damage
What does Barrettine water seal do? ,3,Brand,Barrettine,Stains and preserves wooden surfaces,Designed for concrete only and keeps the moisture from getting in ,Designed for plaster to keep any moisture from escaping ,"Leaves a breathable water repellant membrane for wood, bricks and concrete ","Leaves a breathable water repellant membrane for wood, bricks and concrete "
Can Barrettine Wood Protective Treatment be sprayed?,2,Brand,Barrettine,Only recommended to brush or roll this product,No it can only be used with a cloth,No it is to thick to be sprayed,Yes but only with a selecta 7 sprayer,Yes but only with a selecta 7 sprayer
Can you use Barrettine wood protective treatment on top of painted wooden furniture?,3,Brand,Barrettine,"Yes, it will give a lovely finish ",As long as you are lightly sanding it will be fine,"Yes, you just need to wipe over with  meths first","No, it will not soak through paint","No, it will not soak through paint"
Can the Barrettine Wood Protective Treatment be used on decking?,2,Brand,Barrettine,No it is not recommended for exterior projects ,Yes aslong as 3 coats are done,Yes but only the clear version,It is not recommended under foot ,It is not recommended under foot 
What type of paint is Crown’s Fastflow range designed for?,3,Brand,Crown,Glass and ceramic,Masonry,Walls and ceilings,Wood and metal,Wood and metal
What is the primary purpose of Liberon Wood Dye?,1,Brand,Liberon,Fill wood cracks and gaps,Provide a waterproof coating,Create a high-gloss finish,Enhance and colour wood surfaces,Enhance and colour wood surfaces
What substrates CANT Liberon anti slip coating be used on? ,4,Brand,Liberon,Stone,Ceramic tiles,Wood ,Metal,Metal
What is Liberon Iron paste used for?,3,Brand,Liberon,Renovating fascia and soffits,Renovating coving,Renovating window and door frames,Renovating cast iron ,Renovating cast iron 
How long does Manns Trade Extra Tough Pro Lacquer keep once the catalyst is mixed?,3,Brand,Manns ,1 hour,3 hours,2 hours,4 hours,4 hours
Morrells sell a 'gunwash' what is this product called?,2,Brand,Morrells,Morrells cellulose thinners,Morrells 250 pre cat lacquer,Morrells nitrocellulose,Morrells equipment cleaner,Morrells equipment cleaner
What is the term used to describe the amount of water present in wood?,1,Wood,Moisture,Porosity,Grain structure,Density,Moisture content,Moisture content
How does the type of wood affect its moisture content?,3,Wood,Moisture,Hardwoods always have higher moisture content than softwoods,"Moisture content is not affected by the type of wood, only by the climate",All wood species have the same equilibrium moisture content,Different species of wood have varying equilibrium moisture contents due to differences in cell structure,Different species of wood have varying equilibrium moisture contents due to differences in cell structure
Which of the following is a common wood extractive found in pine?,3,Wood ,Extractives,Chlorophyll,Lignin,Tannin,Resin (also known as pitch),Resin (also known as pitch)
What is the best time to paint plaster after it has been applied to a wall?,4,General K,Plaster,"After the plaster has dried to a hard finish, but not fully cured",When the plaster is still damp to the touch,Immediately after the plaster is applied,Once the plaster has fully dried and cured ,Once the plaster has fully dried and cured 
What makes Accoya wood environmentally friendly?,2,Wood,Accoya,It is manufactured with low energy consumption,It is resistant to chemical treatment and does not release toxins,"It is a synthetic material, reducing deforestation",It is sourced from sustainable forests and is fully recyclable,It is sourced from sustainable forests and is fully recyclable
What feature of Accoya wood makes it ideal for use in marine environments?,5,Wood,Accoya,Its ability to maintain structural integrity when submerged,Its resistance to UV damage and discoloration in saltwater,Its natural buoyancy and ability to float on water,Its exceptional resistance to water absorption and rot,Its exceptional resistance to water absorption and rot
What makes Tricoya wood more durable than untreated softwood?,3,Wood ,Tricoya,"Tricoya wood is coated with a layer of synthetic plastic, enhancing its strength",Tricoya wood undergoes a drying process that increases its resistance to weathering,"Tricoya wood is harvested from more resilient tree species, making it naturally more durable","Tricoya wood is chemically treated to resist water, rot, and decay, making it significantly more durable","Tricoya wood is chemically treated to resist water, rot, and decay, making it significantly more durable"
What feature of Tricoya makes it a good choice for humid and marine environments?,4,Wood ,Tricoya,"Tricoya is chemically treated to enhance its weight, making it sink in water",Tricoya is coated with a waterproof plastic layer that prevents any water absorption,Tricoya is naturally resistant to UV radiation and does not degrade in sunlight.,"Tricoya is treated with an acetylation process that makes it highly resistant to moisture, rot, and decay","Tricoya is treated with an acetylation process that makes it highly resistant to moisture, rot, and decay"
What is the main process used to create Thermowood?,4,Wood,Thermowood,Thermowood is made by chemically treating wood with resins to increase its durability,Thermowood is produced by impregnating wood with synthetic polymers to improve its stability,Thermowood is created by applying a special coating to the surface of the wood to resist moisture,"Thermowood is created by heating wood to high temperatures in a controlled environment without oxygen, a process known as thermal modification","Thermowood is created by heating wood to high temperatures in a controlled environment without oxygen, a process known as thermal modification"
How does Thermowood perform in outdoor applications?,4,Wood,Thermowood,"Thermowood performs well outdoors but has poor resistance to UV rays, causing it to fade rapidly",Thermowood requires constant maintenance and re-treatment to prevent degradation in outdoor conditions,Thermowood is not suitable for outdoor applications because it deteriorates quickly when exposed to weather,"Thermowood performs excellently in outdoor applications, as it has enhanced resistance to moisture, rot, and decay due to the heat treatment process.","Thermowood performs excellently in outdoor applications, as it has enhanced resistance to moisture, rot, and decay due to the heat treatment process."
What do you need to advise a customer if they want to use a jet washer on their decking?,2,General K,,Use a higher pressure setting,Go from low to high,Go from high to low,Use a lower pressure seting  ,Use a lower pressure seting  
What product is polyurethane found in?,1,General K,,Wax polishes,Oil,Preserver,Varnish,Varnish
"If the wood is not sanded correctly, what can happen if a stain is applied?",1,Preparation,Sanding ,It will look uniform and consitent ,It will look okay as long as you seal it with a varnish,"If another coat of stain is applied, it will make it look uniform",It can come out patchy and not uniform,It can come out patchy and not uniform
What base is Manns classic wood dye?,1,Brand,Manns ,Polyurethane,Solvent,Oil,Water,Water
What is a caulk? ,2,General K,,A wood stain ,A tool to cut metal,A heavy duty adhesive ,Flexible material for sealing joints and gaps,Flexible material for sealing joints and gaps
How would you stop paint from getting on a skirting board if your painting your wall?,2,Product type ,Paint,Gloves,Oil,Varnish ,Masking tape ,Masking tape 
Can Ronseal diamond hard floor paint go on vinyl?,3,Brand,Ronseal,"If you clean the vinyl first, yes ",If you use Polyvine underneath,Yes,No,No
What product would you add Craig and rose Artisan Glitter Glaze to?,4,Brand,Craig and rose,Craig and rose concrete effect,Craig and Rose Metallic effect,Craig and rose rust effect,Craig and Rose Chalky Emulsion Paint,Craig and Rose Chalky Emulsion Paint
What product from this list would be microporous?,2,General K,,Manns extra tough interior varnish ,Fiddes supreme wax polish,Liberon liquid wax paste black bison,Fiddes hard wax oil ,Fiddes hard wax oil 
What is the advantage of a varnish? ,2,Product type,Varnish,It can be spot repaired,It will withstand all amount of heat,Its child safe ,It will be the most robust against wear and tear,It will be the most robust against wear and tear
"The log cabin has a square-shaped floor with a side length of 8 meters. If the logs are stacked to a height of 4 meters and the diameter of each log is 0.2 meters, what is the total number of logs used to construct the walls?",5,General K,Measurements,100 logs,80 logs,90 logs,120 logs ,120 logs 
What does the term joinery mean?,1,General K,,Joinery is the name for a type of textile pattern used in fabric design,Joinery refers to the act of attaching walls and ceilings in building construction,Joinery is the process of welding metal components together to form structures,"Joinery is the process of connecting pieces of wood to make furniture, doors and windows","Joinery is the process of connecting pieces of wood to make furniture, doors and windows"
"To use Polyvine decorators varnish in dead flat, what must the customer do first?",2,Brand,Polyvine,Apply 3 coats of dead flat ,Mix it with the satin ,Apply one coat of satin first,Apply two coats of satin first,Apply two coats of satin first
What is one of the most recognized features of spalted wood?,4,Wood,Spalted,"Smooth, uniform color with no visible grain","Completely clear, transparent appearance",High resistance to water damage,"Distinctive, dark lines or patterns caused by fungal growth","Distinctive, dark lines or patterns caused by fungal growth"
"What is the primary visual characteristic that distinguishes ""spalted"" wood from ""rotten"" wood?",5,Wood,Spalted,"Rotten wood often has a shiny surface, while spalted wood is always matte","Spalted wood is smooth to the touch, while rotten wood is rough and dry","Rotten wood has a bright, uniform color, while spalted wood is always dark and uneven","Spalted wood has distinct, dark lines or patterns created by fungal growth, while rotten wood looks crumbled and decayed","Spalted wood has distinct, dark lines or patterns created by fungal growth, while rotten wood looks crumbled and decayed"
